/Users/nicholas/clawd/meok/sovereign-temple/.venv/lib/python3.9/site-packages/urllib3/__init__.py:35: NotOpenSSLWarning: urllib3 v2 only supports OpenSSL 1.1.1+, currently the 'ssl' module is compiled with 'LibreSSL 2.8.3'. See: https://github.com/urllib3/urllib3/issues/3020
  warnings.warn(
WARNING: 'transformers' package is not installed. SafetyClassifier will operate in keyword-only heuristic mode. Install with: pip install transformers torch
/Users/nicholas/clawd/meok/sovereign-temple/sovereign-mcp-server.py:2171: DeprecationWarning: 
        on_event is deprecated, use lifespan event handlers instead.

        Read more about it in the
        [FastAPI docs for Lifespan Events](https://fastapi.tiangolo.com/advanced/events/).
        
  @app.on_event("startup")
/Users/nicholas/clawd/meok/sovereign-temple/.venv/lib/python3.9/site-packages/fastapi/applications.py:4579: DeprecationWarning: 
        on_event is deprecated, use lifespan event handlers instead.

        Read more about it in the
        [FastAPI docs for Lifespan Events](https://fastapi.tiangolo.com/advanced/events/).
        
  return self.router.on_event(event_type)
/Users/nicholas/clawd/meok/sovereign-temple/.venv/lib/python3.9/site-packages/websockets/legacy/__init__.py:6: DeprecationWarning: websockets.legacy is deprecated; see https://websockets.readthedocs.io/en/stable/howto/upgrade.html for upgrade instructions
  warnings.warn(  # deprecated in 14.0 - 2024-11-09
/Users/nicholas/clawd/meok/sovereign-temple/.venv/lib/python3.9/site-packages/uvicorn/protocols/websockets/websockets_impl.py:17: DeprecationWarning: websockets.server.WebSocketServerProtocol is deprecated
  from websockets.server import WebSocketServerProtocol
INFO:     Started server process [76094]
INFO:     Waiting for application startup.
Weaviate unavailable (Postgres OK): Weaviate did not start up in 5 seconds. Either the Weaviate URL http://localhost:8080 is wrong or Weaviate did not start up in the interval given in 'startup_period'.
/Users/nicholas/clawd/meok/sovereign-temple/.venv/lib/python3.9/site-packages/sklearn/utils/extmath.py:203: RuntimeWarning: divide by zero encountered in matmul
  ret = a @ b
/Users/nicholas/clawd/meok/sovereign-temple/.venv/lib/python3.9/site-packages/sklearn/utils/extmath.py:203: RuntimeWarning: overflow encountered in matmul
  ret = a @ b
/Users/nicholas/clawd/meok/sovereign-temple/.venv/lib/python3.9/site-packages/sklearn/utils/extmath.py:203: RuntimeWarning: invalid value encountered in matmul
  ret = a @ b
/Users/nicholas/clawd/meok/sovereign-temple/.venv/lib/python3.9/site-packages/sklearn/utils/extmath.py:203: RuntimeWarning: divide by zero encountered in matmul
  ret = a @ b
/Users/nicholas/clawd/meok/sovereign-temple/.venv/lib/python3.9/site-packages/sklearn/utils/extmath.py:203: RuntimeWarning: overflow encountered in matmul
  ret = a @ b
/Users/nicholas/clawd/meok/sovereign-temple/.venv/lib/python3.9/site-packages/sklearn/utils/extmath.py:203: RuntimeWarning: invalid value encountered in matmul
  ret = a @ b
/Users/nicholas/clawd/meok/sovereign-temple/.venv/lib/python3.9/site-packages/sklearn/utils/extmath.py:203: RuntimeWarning: divide by zero encountered in matmul
  ret = a @ b
/Users/nicholas/clawd/meok/sovereign-temple/.venv/lib/python3.9/site-packages/sklearn/utils/extmath.py:203: RuntimeWarning: overflow encountered in matmul
  ret = a @ b
/Users/nicholas/clawd/meok/sovereign-temple/.venv/lib/python3.9/site-packages/sklearn/utils/extmath.py:203: RuntimeWarning: invalid value encountered in matmul
  ret = a @ b
/Users/nicholas/clawd/meok/sovereign-temple/.venv/lib/python3.9/site-packages/sklearn/utils/extmath.py:203: RuntimeWarning: divide by zero encountered in matmul
  ret = a @ b
/Users/nicholas/clawd/meok/sovereign-temple/.venv/lib/python3.9/site-packages/sklearn/utils/extmath.py:203: RuntimeWarning: overflow encountered in matmul
  ret = a @ b
/Users/nicholas/clawd/meok/sovereign-temple/.venv/lib/python3.9/site-packages/sklearn/utils/extmath.py:203: RuntimeWarning: invalid value encountered in matmul
  ret = a @ b
/Users/nicholas/clawd/meok/sovereign-temple/.venv/lib/python3.9/site-packages/sklearn/utils/extmath.py:203: RuntimeWarning: divide by zero encountered in matmul
  ret = a @ b
/Users/nicholas/clawd/meok/sovereign-temple/.venv/lib/python3.9/site-packages/sklearn/utils/extmath.py:203: RuntimeWarning: overflow encountered in matmul
  ret = a @ b
/Users/nicholas/clawd/meok/sovereign-temple/.venv/lib/python3.9/site-packages/sklearn/utils/extmath.py:203: RuntimeWarning: invalid value encountered in matmul
  ret = a @ b
/Users/nicholas/clawd/meok/sovereign-temple/.venv/lib/python3.9/site-packages/sklearn/utils/extmath.py:203: RuntimeWarning: divide by zero encountered in matmul
  ret = a @ b
/Users/nicholas/clawd/meok/sovereign-temple/.venv/lib/python3.9/site-packages/sklearn/utils/extmath.py:203: RuntimeWarning: overflow encountered in matmul
  ret = a @ b
/Users/nicholas/clawd/meok/sovereign-temple/.venv/lib/python3.9/site-packages/sklearn/utils/extmath.py:203: RuntimeWarning: invalid value encountered in matmul
  ret = a @ b
/Users/nicholas/clawd/meok/sovereign-temple/.venv/lib/python3.9/site-packages/sklearn/utils/extmath.py:203: RuntimeWarning: divide by zero encountered in matmul
  ret = a @ b
/Users/nicholas/clawd/meok/sovereign-temple/.venv/lib/python3.9/site-packages/sklearn/utils/extmath.py:203: RuntimeWarning: overflow encountered in matmul
  ret = a @ b
/Users/nicholas/clawd/meok/sovereign-temple/.venv/lib/python3.9/site-packages/sklearn/utils/extmath.py:203: RuntimeWarning: invalid value encountered in matmul
  ret = a @ b
/Users/nicholas/clawd/meok/sovereign-temple/.venv/lib/python3.9/site-packages/sklearn/utils/extmath.py:203: RuntimeWarning: divide by zero encountered in matmul
  ret = a @ b
/Users/nicholas/clawd/meok/sovereign-temple/.venv/lib/python3.9/site-packages/sklearn/utils/extmath.py:203: RuntimeWarning: overflow encountered in matmul
  ret = a @ b
/Users/nicholas/clawd/meok/sovereign-temple/.venv/lib/python3.9/site-packages/sklearn/utils/extmath.py:203: RuntimeWarning: invalid value encountered in matmul
  ret = a @ b
/Users/nicholas/clawd/meok/sovereign-temple/.venv/lib/python3.9/site-packages/sklearn/utils/extmath.py:203: RuntimeWarning: divide by zero encountered in matmul
  ret = a @ b
/Users/nicholas/clawd/meok/sovereign-temple/.venv/lib/python3.9/site-packages/sklearn/utils/extmath.py:203: RuntimeWarning: overflow encountered in matmul
  ret = a @ b
/Users/nicholas/clawd/meok/sovereign-temple/.venv/lib/python3.9/site-packages/sklearn/utils/extmath.py:203: RuntimeWarning: invalid value encountered in matmul
  ret = a @ b
/Users/nicholas/clawd/meok/sovereign-temple/.venv/lib/python3.9/site-packages/sklearn/utils/extmath.py:203: RuntimeWarning: divide by zero encountered in matmul
  ret = a @ b
/Users/nicholas/clawd/meok/sovereign-temple/.venv/lib/python3.9/site-packages/sklearn/utils/extmath.py:203: RuntimeWarning: overflow encountered in matmul
  ret = a @ b
/Users/nicholas/clawd/meok/sovereign-temple/.venv/lib/python3.9/site-packages/sklearn/utils/extmath.py:203: RuntimeWarning: invalid value encountered in matmul
  ret = a @ b
/Users/nicholas/clawd/meok/sovereign-temple/.venv/lib/python3.9/site-packages/sklearn/utils/extmath.py:203: RuntimeWarning: divide by zero encountered in matmul
  ret = a @ b
/Users/nicholas/clawd/meok/sovereign-temple/.venv/lib/python3.9/site-packages/sklearn/utils/extmath.py:203: RuntimeWarning: overflow encountered in matmul
  ret = a @ b
/Users/nicholas/clawd/meok/sovereign-temple/.venv/lib/python3.9/site-packages/sklearn/utils/extmath.py:203: RuntimeWarning: invalid value encountered in matmul
  ret = a @ b
/Users/nicholas/clawd/meok/sovereign-temple/.venv/lib/python3.9/site-packages/sklearn/utils/extmath.py:203: RuntimeWarning: divide by zero encountered in matmul
  ret = a @ b
/Users/nicholas/clawd/meok/sovereign-temple/.venv/lib/python3.9/site-packages/sklearn/utils/extmath.py:203: RuntimeWarning: overflow encountered in matmul
  ret = a @ b
/Users/nicholas/clawd/meok/sovereign-temple/.venv/lib/python3.9/site-packages/sklearn/utils/extmath.py:203: RuntimeWarning: invalid value encountered in matmul
  ret = a @ b
/Users/nicholas/clawd/meok/sovereign-temple/.venv/lib/python3.9/site-packages/sklearn/utils/extmath.py:203: RuntimeWarning: divide by zero encountered in matmul
  ret = a @ b
/Users/nicholas/clawd/meok/sovereign-temple/.venv/lib/python3.9/site-packages/sklearn/utils/extmath.py:203: RuntimeWarning: overflow encountered in matmul
  ret = a @ b
/Users/nicholas/clawd/meok/sovereign-temple/.venv/lib/python3.9/site-packages/sklearn/utils/extmath.py:203: RuntimeWarning: invalid value encountered in matmul
  ret = a @ b
/Users/nicholas/clawd/meok/sovereign-temple/.venv/lib/python3.9/site-packages/sklearn/utils/extmath.py:203: RuntimeWarning: divide by zero encountered in matmul
  ret = a @ b
/Users/nicholas/clawd/meok/sovereign-temple/.venv/lib/python3.9/site-packages/sklearn/utils/extmath.py:203: RuntimeWarning: overflow encountered in matmul
  ret = a @ b
/Users/nicholas/clawd/meok/sovereign-temple/.venv/lib/python3.9/site-packages/sklearn/utils/extmath.py:203: RuntimeWarning: invalid value encountered in matmul
  ret = a @ b
/Users/nicholas/clawd/meok/sovereign-temple/.venv/lib/python3.9/site-packages/sklearn/utils/extmath.py:203: RuntimeWarning: divide by zero encountered in matmul
  ret = a @ b
/Users/nicholas/clawd/meok/sovereign-temple/.venv/lib/python3.9/site-packages/sklearn/utils/extmath.py:203: RuntimeWarning: overflow encountered in matmul
  ret = a @ b
/Users/nicholas/clawd/meok/sovereign-temple/.venv/lib/python3.9/site-packages/sklearn/utils/extmath.py:203: RuntimeWarning: invalid value encountered in matmul
  ret = a @ b
/Users/nicholas/clawd/meok/sovereign-temple/.venv/lib/python3.9/site-packages/sklearn/utils/extmath.py:203: RuntimeWarning: divide by zero encountered in matmul
  ret = a @ b
/Users/nicholas/clawd/meok/sovereign-temple/.venv/lib/python3.9/site-packages/sklearn/utils/extmath.py:203: RuntimeWarning: overflow encountered in matmul
  ret = a @ b
/Users/nicholas/clawd/meok/sovereign-temple/.venv/lib/python3.9/site-packages/sklearn/utils/extmath.py:203: RuntimeWarning: invalid value encountered in matmul
  ret = a @ b
/Users/nicholas/clawd/meok/sovereign-temple/.venv/lib/python3.9/site-packages/sklearn/utils/extmath.py:203: RuntimeWarning: divide by zero encountered in matmul
  ret = a @ b
/Users/nicholas/clawd/meok/sovereign-temple/.venv/lib/python3.9/site-packages/sklearn/utils/extmath.py:203: RuntimeWarning: overflow encountered in matmul
  ret = a @ b
/Users/nicholas/clawd/meok/sovereign-temple/.venv/lib/python3.9/site-packages/sklearn/utils/extmath.py:203: RuntimeWarning: invalid value encountered in matmul
  ret = a @ b
/Users/nicholas/clawd/meok/sovereign-temple/.venv/lib/python3.9/site-packages/sklearn/utils/extmath.py:203: RuntimeWarning: divide by zero encountered in matmul
  ret = a @ b
/Users/nicholas/clawd/meok/sovereign-temple/.venv/lib/python3.9/site-packages/sklearn/utils/extmath.py:203: RuntimeWarning: overflow encountered in matmul
  ret = a @ b
/Users/nicholas/clawd/meok/sovereign-temple/.venv/lib/python3.9/site-packages/sklearn/utils/extmath.py:203: RuntimeWarning: invalid value encountered in matmul
  ret = a @ b
/Users/nicholas/clawd/meok/sovereign-temple/.venv/lib/python3.9/site-packages/sklearn/utils/extmath.py:203: RuntimeWarning: divide by zero encountered in matmul
  ret = a @ b
/Users/nicholas/clawd/meok/sovereign-temple/.venv/lib/python3.9/site-packages/sklearn/utils/extmath.py:203: RuntimeWarning: overflow encountered in matmul
  ret = a @ b
/Users/nicholas/clawd/meok/sovereign-temple/.venv/lib/python3.9/site-packages/sklearn/utils/extmath.py:203: RuntimeWarning: invalid value encountered in matmul
  ret = a @ b
/Users/nicholas/clawd/meok/sovereign-temple/.venv/lib/python3.9/site-packages/sklearn/utils/extmath.py:203: RuntimeWarning: divide by zero encountered in matmul
  ret = a @ b
/Users/nicholas/clawd/meok/sovereign-temple/.venv/lib/python3.9/site-packages/sklearn/utils/extmath.py:203: RuntimeWarning: overflow encountered in matmul
  ret = a @ b
/Users/nicholas/clawd/meok/sovereign-temple/.venv/lib/python3.9/site-packages/sklearn/utils/extmath.py:203: RuntimeWarning: invalid value encountered in matmul
  ret = a @ b
/Users/nicholas/clawd/meok/sovereign-temple/.venv/lib/python3.9/site-packages/sklearn/utils/extmath.py:203: RuntimeWarning: divide by zero encountered in matmul
  ret = a @ b
/Users/nicholas/clawd/meok/sovereign-temple/.venv/lib/python3.9/site-packages/sklearn/utils/extmath.py:203: RuntimeWarning: overflow encountered in matmul
  ret = a @ b
/Users/nicholas/clawd/meok/sovereign-temple/.venv/lib/python3.9/site-packages/sklearn/utils/extmath.py:203: RuntimeWarning: invalid value encountered in matmul
  ret = a @ b
/Users/nicholas/clawd/meok/sovereign-temple/.venv/lib/python3.9/site-packages/sklearn/utils/extmath.py:203: RuntimeWarning: divide by zero encountered in matmul
  ret = a @ b
/Users/nicholas/clawd/meok/sovereign-temple/.venv/lib/python3.9/site-packages/sklearn/utils/extmath.py:203: RuntimeWarning: overflow encountered in matmul
  ret = a @ b
/Users/nicholas/clawd/meok/sovereign-temple/.venv/lib/python3.9/site-packages/sklearn/utils/extmath.py:203: RuntimeWarning: invalid value encountered in matmul
  ret = a @ b
/Users/nicholas/clawd/meok/sovereign-temple/.venv/lib/python3.9/site-packages/sklearn/utils/extmath.py:203: RuntimeWarning: divide by zero encountered in matmul
  ret = a @ b
/Users/nicholas/clawd/meok/sovereign-temple/.venv/lib/python3.9/site-packages/sklearn/utils/extmath.py:203: RuntimeWarning: overflow encountered in matmul
  ret = a @ b
/Users/nicholas/clawd/meok/sovereign-temple/.venv/lib/python3.9/site-packages/sklearn/utils/extmath.py:203: RuntimeWarning: invalid value encountered in matmul
  ret = a @ b
/Users/nicholas/clawd/meok/sovereign-temple/.venv/lib/python3.9/site-packages/sklearn/utils/extmath.py:203: RuntimeWarning: divide by zero encountered in matmul
  ret = a @ b
/Users/nicholas/clawd/meok/sovereign-temple/.venv/lib/python3.9/site-packages/sklearn/utils/extmath.py:203: RuntimeWarning: overflow encountered in matmul
  ret = a @ b
/Users/nicholas/clawd/meok/sovereign-temple/.venv/lib/python3.9/site-packages/sklearn/utils/extmath.py:203: RuntimeWarning: invalid value encountered in matmul
  ret = a @ b
/Users/nicholas/clawd/meok/sovereign-temple/.venv/lib/python3.9/site-packages/sklearn/utils/extmath.py:203: RuntimeWarning: divide by zero encountered in matmul
  ret = a @ b
/Users/nicholas/clawd/meok/sovereign-temple/.venv/lib/python3.9/site-packages/sklearn/utils/extmath.py:203: RuntimeWarning: overflow encountered in matmul
  ret = a @ b
/Users/nicholas/clawd/meok/sovereign-temple/.venv/lib/python3.9/site-packages/sklearn/utils/extmath.py:203: RuntimeWarning: invalid value encountered in matmul
  ret = a @ b
/Users/nicholas/clawd/meok/sovereign-temple/.venv/lib/python3.9/site-packages/sklearn/utils/extmath.py:203: RuntimeWarning: divide by zero encountered in matmul
  ret = a @ b
/Users/nicholas/clawd/meok/sovereign-temple/.venv/lib/python3.9/site-packages/sklearn/utils/extmath.py:203: RuntimeWarning: overflow encountered in matmul
  ret = a @ b
/Users/nicholas/clawd/meok/sovereign-temple/.venv/lib/python3.9/site-packages/sklearn/utils/extmath.py:203: RuntimeWarning: invalid value encountered in matmul
  ret = a @ b
/Users/nicholas/clawd/meok/sovereign-temple/.venv/lib/python3.9/site-packages/sklearn/utils/extmath.py:203: RuntimeWarning: divide by zero encountered in matmul
  ret = a @ b
/Users/nicholas/clawd/meok/sovereign-temple/.venv/lib/python3.9/site-packages/sklearn/utils/extmath.py:203: RuntimeWarning: overflow encountered in matmul
  ret = a @ b
/Users/nicholas/clawd/meok/sovereign-temple/.venv/lib/python3.9/site-packages/sklearn/utils/extmath.py:203: RuntimeWarning: invalid value encountered in matmul
  ret = a @ b
/Users/nicholas/clawd/meok/sovereign-temple/.venv/lib/python3.9/site-packages/sklearn/utils/extmath.py:203: RuntimeWarning: divide by zero encountered in matmul
  ret = a @ b
/Users/nicholas/clawd/meok/sovereign-temple/.venv/lib/python3.9/site-packages/sklearn/utils/extmath.py:203: RuntimeWarning: overflow encountered in matmul
  ret = a @ b
/Users/nicholas/clawd/meok/sovereign-temple/.venv/lib/python3.9/site-packages/sklearn/utils/extmath.py:203: RuntimeWarning: invalid value encountered in matmul
  ret = a @ b
/Users/nicholas/clawd/meok/sovereign-temple/.venv/lib/python3.9/site-packages/sklearn/utils/extmath.py:203: RuntimeWarning: divide by zero encountered in matmul
  ret = a @ b
/Users/nicholas/clawd/meok/sovereign-temple/.venv/lib/python3.9/site-packages/sklearn/utils/extmath.py:203: RuntimeWarning: overflow encountered in matmul
  ret = a @ b
/Users/nicholas/clawd/meok/sovereign-temple/.venv/lib/python3.9/site-packages/sklearn/utils/extmath.py:203: RuntimeWarning: invalid value encountered in matmul
  ret = a @ b
/Users/nicholas/clawd/meok/sovereign-temple/.venv/lib/python3.9/site-packages/sklearn/utils/extmath.py:203: RuntimeWarning: divide by zero encountered in matmul
  ret = a @ b
/Users/nicholas/clawd/meok/sovereign-temple/.venv/lib/python3.9/site-packages/sklearn/utils/extmath.py:203: RuntimeWarning: overflow encountered in matmul
  ret = a @ b
/Users/nicholas/clawd/meok/sovereign-temple/.venv/lib/python3.9/site-packages/sklearn/utils/extmath.py:203: RuntimeWarning: invalid value encountered in matmul
  ret = a @ b
/Users/nicholas/clawd/meok/sovereign-temple/.venv/lib/python3.9/site-packages/sklearn/utils/extmath.py:203: RuntimeWarning: divide by zero encountered in matmul
  ret = a @ b
/Users/nicholas/clawd/meok/sovereign-temple/.venv/lib/python3.9/site-packages/sklearn/utils/extmath.py:203: RuntimeWarning: overflow encountered in matmul
  ret = a @ b
/Users/nicholas/clawd/meok/sovereign-temple/.venv/lib/python3.9/site-packages/sklearn/utils/extmath.py:203: RuntimeWarning: invalid value encountered in matmul
  ret = a @ b
/Users/nicholas/clawd/meok/sovereign-temple/.venv/lib/python3.9/site-packages/sklearn/utils/extmath.py:203: RuntimeWarning: divide by zero encountered in matmul
  ret = a @ b
/Users/nicholas/clawd/meok/sovereign-temple/.venv/lib/python3.9/site-packages/sklearn/utils/extmath.py:203: RuntimeWarning: overflow encountered in matmul
  ret = a @ b
/Users/nicholas/clawd/meok/sovereign-temple/.venv/lib/python3.9/site-packages/sklearn/utils/extmath.py:203: RuntimeWarning: invalid value encountered in matmul
  ret = a @ b
/Users/nicholas/clawd/meok/sovereign-temple/.venv/lib/python3.9/site-packages/sklearn/utils/extmath.py:203: RuntimeWarning: divide by zero encountered in matmul
  ret = a @ b
/Users/nicholas/clawd/meok/sovereign-temple/.venv/lib/python3.9/site-packages/sklearn/utils/extmath.py:203: RuntimeWarning: overflow encountered in matmul
  ret = a @ b
/Users/nicholas/clawd/meok/sovereign-temple/.venv/lib/python3.9/site-packages/sklearn/utils/extmath.py:203: RuntimeWarning: invalid value encountered in matmul
  ret = a @ b
/Users/nicholas/clawd/meok/sovereign-temple/.venv/lib/python3.9/site-packages/sklearn/utils/extmath.py:203: RuntimeWarning: divide by zero encountered in matmul
  ret = a @ b
/Users/nicholas/clawd/meok/sovereign-temple/.venv/lib/python3.9/site-packages/sklearn/utils/extmath.py:203: RuntimeWarning: overflow encountered in matmul
  ret = a @ b
/Users/nicholas/clawd/meok/sovereign-temple/.venv/lib/python3.9/site-packages/sklearn/utils/extmath.py:203: RuntimeWarning: invalid value encountered in matmul
  ret = a @ b
/Users/nicholas/clawd/meok/sovereign-temple/.venv/lib/python3.9/site-packages/sklearn/utils/extmath.py:203: RuntimeWarning: divide by zero encountered in matmul
  ret = a @ b
/Users/nicholas/clawd/meok/sovereign-temple/.venv/lib/python3.9/site-packages/sklearn/utils/extmath.py:203: RuntimeWarning: overflow encountered in matmul
  ret = a @ b
/Users/nicholas/clawd/meok/sovereign-temple/.venv/lib/python3.9/site-packages/sklearn/utils/extmath.py:203: RuntimeWarning: invalid value encountered in matmul
  ret = a @ b
/Users/nicholas/clawd/meok/sovereign-temple/.venv/lib/python3.9/site-packages/sklearn/utils/extmath.py:203: RuntimeWarning: divide by zero encountered in matmul
  ret = a @ b
/Users/nicholas/clawd/meok/sovereign-temple/.venv/lib/python3.9/site-packages/sklearn/utils/extmath.py:203: RuntimeWarning: overflow encountered in matmul
  ret = a @ b
/Users/nicholas/clawd/meok/sovereign-temple/.venv/lib/python3.9/site-packages/sklearn/utils/extmath.py:203: RuntimeWarning: invalid value encountered in matmul
  ret = a @ b
/Users/nicholas/clawd/meok/sovereign-temple/.venv/lib/python3.9/site-packages/sklearn/utils/extmath.py:203: RuntimeWarning: divide by zero encountered in matmul
  ret = a @ b
/Users/nicholas/clawd/meok/sovereign-temple/.venv/lib/python3.9/site-packages/sklearn/utils/extmath.py:203: RuntimeWarning: overflow encountered in matmul
  ret = a @ b
/Users/nicholas/clawd/meok/sovereign-temple/.venv/lib/python3.9/site-packages/sklearn/utils/extmath.py:203: RuntimeWarning: invalid value encountered in matmul
  ret = a @ b
/Users/nicholas/clawd/meok/sovereign-temple/.venv/lib/python3.9/site-packages/sklearn/utils/extmath.py:203: RuntimeWarning: divide by zero encountered in matmul
  ret = a @ b
/Users/nicholas/clawd/meok/sovereign-temple/.venv/lib/python3.9/site-packages/sklearn/utils/extmath.py:203: RuntimeWarning: overflow encountered in matmul
  ret = a @ b
/Users/nicholas/clawd/meok/sovereign-temple/.venv/lib/python3.9/site-packages/sklearn/utils/extmath.py:203: RuntimeWarning: invalid value encountered in matmul
  ret = a @ b
/Users/nicholas/clawd/meok/sovereign-temple/.venv/lib/python3.9/site-packages/sklearn/utils/extmath.py:203: RuntimeWarning: divide by zero encountered in matmul
  ret = a @ b
/Users/nicholas/clawd/meok/sovereign-temple/.venv/lib/python3.9/site-packages/sklearn/utils/extmath.py:203: RuntimeWarning: overflow encountered in matmul
  ret = a @ b
/Users/nicholas/clawd/meok/sovereign-temple/.venv/lib/python3.9/site-packages/sklearn/utils/extmath.py:203: RuntimeWarning: invalid value encountered in matmul
  ret = a @ b
/Users/nicholas/clawd/meok/sovereign-temple/.venv/lib/python3.9/site-packages/sklearn/utils/extmath.py:203: RuntimeWarning: divide by zero encountered in matmul
  ret = a @ b
/Users/nicholas/clawd/meok/sovereign-temple/.venv/lib/python3.9/site-packages/sklearn/utils/extmath.py:203: RuntimeWarning: overflow encountered in matmul
  ret = a @ b
/Users/nicholas/clawd/meok/sovereign-temple/.venv/lib/python3.9/site-packages/sklearn/utils/extmath.py:203: RuntimeWarning: invalid value encountered in matmul
  ret = a @ b
/Users/nicholas/clawd/meok/sovereign-temple/.venv/lib/python3.9/site-packages/sklearn/utils/extmath.py:203: RuntimeWarning: divide by zero encountered in matmul
  ret = a @ b
/Users/nicholas/clawd/meok/sovereign-temple/.venv/lib/python3.9/site-packages/sklearn/utils/extmath.py:203: RuntimeWarning: overflow encountered in matmul
  ret = a @ b
/Users/nicholas/clawd/meok/sovereign-temple/.venv/lib/python3.9/site-packages/sklearn/utils/extmath.py:203: RuntimeWarning: invalid value encountered in matmul
  ret = a @ b
/Users/nicholas/clawd/meok/sovereign-temple/.venv/lib/python3.9/site-packages/sklearn/utils/extmath.py:203: RuntimeWarning: divide by zero encountered in matmul
  ret = a @ b
/Users/nicholas/clawd/meok/sovereign-temple/.venv/lib/python3.9/site-packages/sklearn/utils/extmath.py:203: RuntimeWarning: overflow encountered in matmul
  ret = a @ b
/Users/nicholas/clawd/meok/sovereign-temple/.venv/lib/python3.9/site-packages/sklearn/utils/extmath.py:203: RuntimeWarning: invalid value encountered in matmul
  ret = a @ b
/Users/nicholas/clawd/meok/sovereign-temple/.venv/lib/python3.9/site-packages/sklearn/utils/extmath.py:203: RuntimeWarning: divide by zero encountered in matmul
  ret = a @ b
/Users/nicholas/clawd/meok/sovereign-temple/.venv/lib/python3.9/site-packages/sklearn/utils/extmath.py:203: RuntimeWarning: overflow encountered in matmul
  ret = a @ b
/Users/nicholas/clawd/meok/sovereign-temple/.venv/lib/python3.9/site-packages/sklearn/utils/extmath.py:203: RuntimeWarning: invalid value encountered in matmul
  ret = a @ b
/Users/nicholas/clawd/meok/sovereign-temple/.venv/lib/python3.9/site-packages/sklearn/utils/extmath.py:203: RuntimeWarning: divide by zero encountered in matmul
  ret = a @ b
/Users/nicholas/clawd/meok/sovereign-temple/.venv/lib/python3.9/site-packages/sklearn/utils/extmath.py:203: RuntimeWarning: overflow encountered in matmul
  ret = a @ b
/Users/nicholas/clawd/meok/sovereign-temple/.venv/lib/python3.9/site-packages/sklearn/utils/extmath.py:203: RuntimeWarning: invalid value encountered in matmul
  ret = a @ b
/Users/nicholas/clawd/meok/sovereign-temple/.venv/lib/python3.9/site-packages/sklearn/utils/extmath.py:203: RuntimeWarning: divide by zero encountered in matmul
  ret = a @ b
/Users/nicholas/clawd/meok/sovereign-temple/.venv/lib/python3.9/site-packages/sklearn/utils/extmath.py:203: RuntimeWarning: overflow encountered in matmul
  ret = a @ b
/Users/nicholas/clawd/meok/sovereign-temple/.venv/lib/python3.9/site-packages/sklearn/utils/extmath.py:203: RuntimeWarning: invalid value encountered in matmul
  ret = a @ b
/Users/nicholas/clawd/meok/sovereign-temple/.venv/lib/python3.9/site-packages/sklearn/utils/extmath.py:203: RuntimeWarning: divide by zero encountered in matmul
  ret = a @ b
/Users/nicholas/clawd/meok/sovereign-temple/.venv/lib/python3.9/site-packages/sklearn/utils/extmath.py:203: RuntimeWarning: overflow encountered in matmul
  ret = a @ b
/Users/nicholas/clawd/meok/sovereign-temple/.venv/lib/python3.9/site-packages/sklearn/utils/extmath.py:203: RuntimeWarning: invalid value encountered in matmul
  ret = a @ b
/Users/nicholas/clawd/meok/sovereign-temple/.venv/lib/python3.9/site-packages/sklearn/utils/extmath.py:203: RuntimeWarning: divide by zero encountered in matmul
  ret = a @ b
/Users/nicholas/clawd/meok/sovereign-temple/.venv/lib/python3.9/site-packages/sklearn/utils/extmath.py:203: RuntimeWarning: overflow encountered in matmul
  ret = a @ b
/Users/nicholas/clawd/meok/sovereign-temple/.venv/lib/python3.9/site-packages/sklearn/utils/extmath.py:203: RuntimeWarning: invalid value encountered in matmul
  ret = a @ b
/Users/nicholas/clawd/meok/sovereign-temple/.venv/lib/python3.9/site-packages/sklearn/utils/extmath.py:203: RuntimeWarning: divide by zero encountered in matmul
  ret = a @ b
/Users/nicholas/clawd/meok/sovereign-temple/.venv/lib/python3.9/site-packages/sklearn/utils/extmath.py:203: RuntimeWarning: overflow encountered in matmul
  ret = a @ b
/Users/nicholas/clawd/meok/sovereign-temple/.venv/lib/python3.9/site-packages/sklearn/utils/extmath.py:203: RuntimeWarning: invalid value encountered in matmul
  ret = a @ b
/Users/nicholas/clawd/meok/sovereign-temple/.venv/lib/python3.9/site-packages/sklearn/utils/extmath.py:203: RuntimeWarning: divide by zero encountered in matmul
  ret = a @ b
/Users/nicholas/clawd/meok/sovereign-temple/.venv/lib/python3.9/site-packages/sklearn/utils/extmath.py:203: RuntimeWarning: overflow encountered in matmul
  ret = a @ b
/Users/nicholas/clawd/meok/sovereign-temple/.venv/lib/python3.9/site-packages/sklearn/utils/extmath.py:203: RuntimeWarning: invalid value encountered in matmul
  ret = a @ b
/Users/nicholas/clawd/meok/sovereign-temple/.venv/lib/python3.9/site-packages/sklearn/utils/extmath.py:203: RuntimeWarning: divide by zero encountered in matmul
  ret = a @ b
/Users/nicholas/clawd/meok/sovereign-temple/.venv/lib/python3.9/site-packages/sklearn/utils/extmath.py:203: RuntimeWarning: overflow encountered in matmul
  ret = a @ b
/Users/nicholas/clawd/meok/sovereign-temple/.venv/lib/python3.9/site-packages/sklearn/utils/extmath.py:203: RuntimeWarning: invalid value encountered in matmul
  ret = a @ b
/Users/nicholas/clawd/meok/sovereign-temple/.venv/lib/python3.9/site-packages/sklearn/utils/extmath.py:203: RuntimeWarning: divide by zero encountered in matmul
  ret = a @ b
/Users/nicholas/clawd/meok/sovereign-temple/.venv/lib/python3.9/site-packages/sklearn/utils/extmath.py:203: RuntimeWarning: overflow encountered in matmul
  ret = a @ b
/Users/nicholas/clawd/meok/sovereign-temple/.venv/lib/python3.9/site-packages/sklearn/utils/extmath.py:203: RuntimeWarning: invalid value encountered in matmul
  ret = a @ b
/Users/nicholas/clawd/meok/sovereign-temple/.venv/lib/python3.9/site-packages/sklearn/utils/extmath.py:203: RuntimeWarning: divide by zero encountered in matmul
  ret = a @ b
/Users/nicholas/clawd/meok/sovereign-temple/.venv/lib/python3.9/site-packages/sklearn/utils/extmath.py:203: RuntimeWarning: overflow encountered in matmul
  ret = a @ b
/Users/nicholas/clawd/meok/sovereign-temple/.venv/lib/python3.9/site-packages/sklearn/utils/extmath.py:203: RuntimeWarning: invalid value encountered in matmul
  ret = a @ b
/Users/nicholas/clawd/meok/sovereign-temple/.venv/lib/python3.9/site-packages/sklearn/utils/extmath.py:203: RuntimeWarning: divide by zero encountered in matmul
  ret = a @ b
/Users/nicholas/clawd/meok/sovereign-temple/.venv/lib/python3.9/site-packages/sklearn/utils/extmath.py:203: RuntimeWarning: overflow encountered in matmul
  ret = a @ b
/Users/nicholas/clawd/meok/sovereign-temple/.venv/lib/python3.9/site-packages/sklearn/utils/extmath.py:203: RuntimeWarning: invalid value encountered in matmul
  ret = a @ b
/Users/nicholas/clawd/meok/sovereign-temple/.venv/lib/python3.9/site-packages/sklearn/utils/extmath.py:203: RuntimeWarning: divide by zero encountered in matmul
  ret = a @ b
/Users/nicholas/clawd/meok/sovereign-temple/.venv/lib/python3.9/site-packages/sklearn/utils/extmath.py:203: RuntimeWarning: overflow encountered in matmul
  ret = a @ b
/Users/nicholas/clawd/meok/sovereign-temple/.venv/lib/python3.9/site-packages/sklearn/utils/extmath.py:203: RuntimeWarning: invalid value encountered in matmul
  ret = a @ b
/Users/nicholas/clawd/meok/sovereign-temple/.venv/lib/python3.9/site-packages/sklearn/utils/extmath.py:203: RuntimeWarning: divide by zero encountered in matmul
  ret = a @ b
/Users/nicholas/clawd/meok/sovereign-temple/.venv/lib/python3.9/site-packages/sklearn/utils/extmath.py:203: RuntimeWarning: overflow encountered in matmul
  ret = a @ b
/Users/nicholas/clawd/meok/sovereign-temple/.venv/lib/python3.9/site-packages/sklearn/utils/extmath.py:203: RuntimeWarning: invalid value encountered in matmul
  ret = a @ b
/Users/nicholas/clawd/meok/sovereign-temple/.venv/lib/python3.9/site-packages/sklearn/utils/extmath.py:203: RuntimeWarning: divide by zero encountered in matmul
  ret = a @ b
/Users/nicholas/clawd/meok/sovereign-temple/.venv/lib/python3.9/site-packages/sklearn/utils/extmath.py:203: RuntimeWarning: overflow encountered in matmul
  ret = a @ b
/Users/nicholas/clawd/meok/sovereign-temple/.venv/lib/python3.9/site-packages/sklearn/utils/extmath.py:203: RuntimeWarning: invalid value encountered in matmul
  ret = a @ b
/Users/nicholas/clawd/meok/sovereign-temple/.venv/lib/python3.9/site-packages/sklearn/utils/extmath.py:203: RuntimeWarning: divide by zero encountered in matmul
  ret = a @ b
/Users/nicholas/clawd/meok/sovereign-temple/.venv/lib/python3.9/site-packages/sklearn/utils/extmath.py:203: RuntimeWarning: overflow encountered in matmul
  ret = a @ b
/Users/nicholas/clawd/meok/sovereign-temple/.venv/lib/python3.9/site-packages/sklearn/utils/extmath.py:203: RuntimeWarning: invalid value encountered in matmul
  ret = a @ b
/Users/nicholas/clawd/meok/sovereign-temple/.venv/lib/python3.9/site-packages/sklearn/utils/extmath.py:203: RuntimeWarning: divide by zero encountered in matmul
  ret = a @ b
/Users/nicholas/clawd/meok/sovereign-temple/.venv/lib/python3.9/site-packages/sklearn/utils/extmath.py:203: RuntimeWarning: overflow encountered in matmul
  ret = a @ b
/Users/nicholas/clawd/meok/sovereign-temple/.venv/lib/python3.9/site-packages/sklearn/utils/extmath.py:203: RuntimeWarning: invalid value encountered in matmul
  ret = a @ b
/Users/nicholas/clawd/meok/sovereign-temple/.venv/lib/python3.9/site-packages/sklearn/utils/extmath.py:203: RuntimeWarning: divide by zero encountered in matmul
  ret = a @ b
/Users/nicholas/clawd/meok/sovereign-temple/.venv/lib/python3.9/site-packages/sklearn/utils/extmath.py:203: RuntimeWarning: overflow encountered in matmul
  ret = a @ b
/Users/nicholas/clawd/meok/sovereign-temple/.venv/lib/python3.9/site-packages/sklearn/utils/extmath.py:203: RuntimeWarning: invalid value encountered in matmul
  ret = a @ b
/Users/nicholas/clawd/meok/sovereign-temple/.venv/lib/python3.9/site-packages/sklearn/utils/extmath.py:203: RuntimeWarning: divide by zero encountered in matmul
  ret = a @ b
/Users/nicholas/clawd/meok/sovereign-temple/.venv/lib/python3.9/site-packages/sklearn/utils/extmath.py:203: RuntimeWarning: overflow encountered in matmul
  ret = a @ b
/Users/nicholas/clawd/meok/sovereign-temple/.venv/lib/python3.9/site-packages/sklearn/utils/extmath.py:203: RuntimeWarning: invalid value encountered in matmul
  ret = a @ b
/Users/nicholas/clawd/meok/sovereign-temple/.venv/lib/python3.9/site-packages/sklearn/utils/extmath.py:203: RuntimeWarning: divide by zero encountered in matmul
  ret = a @ b
/Users/nicholas/clawd/meok/sovereign-temple/.venv/lib/python3.9/site-packages/sklearn/utils/extmath.py:203: RuntimeWarning: overflow encountered in matmul
  ret = a @ b
/Users/nicholas/clawd/meok/sovereign-temple/.venv/lib/python3.9/site-packages/sklearn/utils/extmath.py:203: RuntimeWarning: invalid value encountered in matmul
  ret = a @ b
/Users/nicholas/clawd/meok/sovereign-temple/.venv/lib/python3.9/site-packages/sklearn/utils/extmath.py:203: RuntimeWarning: divide by zero encountered in matmul
  ret = a @ b
/Users/nicholas/clawd/meok/sovereign-temple/.venv/lib/python3.9/site-packages/sklearn/utils/extmath.py:203: RuntimeWarning: overflow encountered in matmul
  ret = a @ b
/Users/nicholas/clawd/meok/sovereign-temple/.venv/lib/python3.9/site-packages/sklearn/utils/extmath.py:203: RuntimeWarning: invalid value encountered in matmul
  ret = a @ b
/Users/nicholas/clawd/meok/sovereign-temple/.venv/lib/python3.9/site-packages/sklearn/utils/extmath.py:203: RuntimeWarning: divide by zero encountered in matmul
  ret = a @ b
/Users/nicholas/clawd/meok/sovereign-temple/.venv/lib/python3.9/site-packages/sklearn/utils/extmath.py:203: RuntimeWarning: overflow encountered in matmul
  ret = a @ b
/Users/nicholas/clawd/meok/sovereign-temple/.venv/lib/python3.9/site-packages/sklearn/utils/extmath.py:203: RuntimeWarning: invalid value encountered in matmul
  ret = a @ b
/Users/nicholas/clawd/meok/sovereign-temple/.venv/lib/python3.9/site-packages/sklearn/utils/extmath.py:203: RuntimeWarning: divide by zero encountered in matmul
  ret = a @ b
/Users/nicholas/clawd/meok/sovereign-temple/.venv/lib/python3.9/site-packages/sklearn/utils/extmath.py:203: RuntimeWarning: overflow encountered in matmul
  ret = a @ b
/Users/nicholas/clawd/meok/sovereign-temple/.venv/lib/python3.9/site-packages/sklearn/utils/extmath.py:203: RuntimeWarning: invalid value encountered in matmul
  ret = a @ b
/Users/nicholas/clawd/meok/sovereign-temple/.venv/lib/python3.9/site-packages/sklearn/utils/extmath.py:203: RuntimeWarning: divide by zero encountered in matmul
  ret = a @ b
/Users/nicholas/clawd/meok/sovereign-temple/.venv/lib/python3.9/site-packages/sklearn/utils/extmath.py:203: RuntimeWarning: overflow encountered in matmul
  ret = a @ b
/Users/nicholas/clawd/meok/sovereign-temple/.venv/lib/python3.9/site-packages/sklearn/utils/extmath.py:203: RuntimeWarning: invalid value encountered in matmul
  ret = a @ b
/Users/nicholas/clawd/meok/sovereign-temple/.venv/lib/python3.9/site-packages/sklearn/utils/extmath.py:203: RuntimeWarning: divide by zero encountered in matmul
  ret = a @ b
/Users/nicholas/clawd/meok/sovereign-temple/.venv/lib/python3.9/site-packages/sklearn/utils/extmath.py:203: RuntimeWarning: overflow encountered in matmul
  ret = a @ b
/Users/nicholas/clawd/meok/sovereign-temple/.venv/lib/python3.9/site-packages/sklearn/utils/extmath.py:203: RuntimeWarning: invalid value encountered in matmul
  ret = a @ b
/Users/nicholas/clawd/meok/sovereign-temple/.venv/lib/python3.9/site-packages/sklearn/utils/extmath.py:203: RuntimeWarning: divide by zero encountered in matmul
  ret = a @ b
/Users/nicholas/clawd/meok/sovereign-temple/.venv/lib/python3.9/site-packages/sklearn/utils/extmath.py:203: RuntimeWarning: overflow encountered in matmul
  ret = a @ b
/Users/nicholas/clawd/meok/sovereign-temple/.venv/lib/python3.9/site-packages/sklearn/utils/extmath.py:203: RuntimeWarning: invalid value encountered in matmul
  ret = a @ b
/Users/nicholas/clawd/meok/sovereign-temple/.venv/lib/python3.9/site-packages/sklearn/utils/extmath.py:203: RuntimeWarning: divide by zero encountered in matmul
  ret = a @ b
/Users/nicholas/clawd/meok/sovereign-temple/.venv/lib/python3.9/site-packages/sklearn/utils/extmath.py:203: RuntimeWarning: overflow encountered in matmul
  ret = a @ b
/Users/nicholas/clawd/meok/sovereign-temple/.venv/lib/python3.9/site-packages/sklearn/utils/extmath.py:203: RuntimeWarning: invalid value encountered in matmul
  ret = a @ b
/Users/nicholas/clawd/meok/sovereign-temple/.venv/lib/python3.9/site-packages/sklearn/utils/extmath.py:203: RuntimeWarning: divide by zero encountered in matmul
  ret = a @ b
/Users/nicholas/clawd/meok/sovereign-temple/.venv/lib/python3.9/site-packages/sklearn/utils/extmath.py:203: RuntimeWarning: overflow encountered in matmul
  ret = a @ b
/Users/nicholas/clawd/meok/sovereign-temple/.venv/lib/python3.9/site-packages/sklearn/utils/extmath.py:203: RuntimeWarning: invalid value encountered in matmul
  ret = a @ b
/Users/nicholas/clawd/meok/sovereign-temple/.venv/lib/python3.9/site-packages/sklearn/utils/extmath.py:203: RuntimeWarning: divide by zero encountered in matmul
  ret = a @ b
/Users/nicholas/clawd/meok/sovereign-temple/.venv/lib/python3.9/site-packages/sklearn/utils/extmath.py:203: RuntimeWarning: overflow encountered in matmul
  ret = a @ b
/Users/nicholas/clawd/meok/sovereign-temple/.venv/lib/python3.9/site-packages/sklearn/utils/extmath.py:203: RuntimeWarning: invalid value encountered in matmul
  ret = a @ b
/Users/nicholas/clawd/meok/sovereign-temple/.venv/lib/python3.9/site-packages/sklearn/utils/extmath.py:203: RuntimeWarning: divide by zero encountered in matmul
  ret = a @ b
/Users/nicholas/clawd/meok/sovereign-temple/.venv/lib/python3.9/site-packages/sklearn/utils/extmath.py:203: RuntimeWarning: overflow encountered in matmul
  ret = a @ b
/Users/nicholas/clawd/meok/sovereign-temple/.venv/lib/python3.9/site-packages/sklearn/utils/extmath.py:203: RuntimeWarning: invalid value encountered in matmul
  ret = a @ b
/Users/nicholas/clawd/meok/sovereign-temple/.venv/lib/python3.9/site-packages/sklearn/utils/extmath.py:203: RuntimeWarning: divide by zero encountered in matmul
  ret = a @ b
/Users/nicholas/clawd/meok/sovereign-temple/.venv/lib/python3.9/site-packages/sklearn/utils/extmath.py:203: RuntimeWarning: overflow encountered in matmul
  ret = a @ b
/Users/nicholas/clawd/meok/sovereign-temple/.venv/lib/python3.9/site-packages/sklearn/utils/extmath.py:203: RuntimeWarning: invalid value encountered in matmul
  ret = a @ b
/Users/nicholas/clawd/meok/sovereign-temple/.venv/lib/python3.9/site-packages/sklearn/utils/extmath.py:203: RuntimeWarning: divide by zero encountered in matmul
  ret = a @ b
/Users/nicholas/clawd/meok/sovereign-temple/.venv/lib/python3.9/site-packages/sklearn/utils/extmath.py:203: RuntimeWarning: overflow encountered in matmul
  ret = a @ b
/Users/nicholas/clawd/meok/sovereign-temple/.venv/lib/python3.9/site-packages/sklearn/utils/extmath.py:203: RuntimeWarning: invalid value encountered in matmul
  ret = a @ b
/Users/nicholas/clawd/meok/sovereign-temple/.venv/lib/python3.9/site-packages/sklearn/utils/extmath.py:203: RuntimeWarning: divide by zero encountered in matmul
  ret = a @ b
/Users/nicholas/clawd/meok/sovereign-temple/.venv/lib/python3.9/site-packages/sklearn/utils/extmath.py:203: RuntimeWarning: overflow encountered in matmul
  ret = a @ b
/Users/nicholas/clawd/meok/sovereign-temple/.venv/lib/python3.9/site-packages/sklearn/utils/extmath.py:203: RuntimeWarning: invalid value encountered in matmul
  ret = a @ b
/Users/nicholas/clawd/meok/sovereign-temple/.venv/lib/python3.9/site-packages/sklearn/utils/extmath.py:203: RuntimeWarning: divide by zero encountered in matmul
  ret = a @ b
/Users/nicholas/clawd/meok/sovereign-temple/.venv/lib/python3.9/site-packages/sklearn/utils/extmath.py:203: RuntimeWarning: overflow encountered in matmul
  ret = a @ b
/Users/nicholas/clawd/meok/sovereign-temple/.venv/lib/python3.9/site-packages/sklearn/utils/extmath.py:203: RuntimeWarning: invalid value encountered in matmul
  ret = a @ b
/Users/nicholas/clawd/meok/sovereign-temple/.venv/lib/python3.9/site-packages/sklearn/utils/extmath.py:203: RuntimeWarning: divide by zero encountered in matmul
  ret = a @ b
/Users/nicholas/clawd/meok/sovereign-temple/.venv/lib/python3.9/site-packages/sklearn/utils/extmath.py:203: RuntimeWarning: overflow encountered in matmul
  ret = a @ b
/Users/nicholas/clawd/meok/sovereign-temple/.venv/lib/python3.9/site-packages/sklearn/utils/extmath.py:203: RuntimeWarning: invalid value encountered in matmul
  ret = a @ b
/Users/nicholas/clawd/meok/sovereign-temple/.venv/lib/python3.9/site-packages/sklearn/utils/extmath.py:203: RuntimeWarning: divide by zero encountered in matmul
  ret = a @ b
/Users/nicholas/clawd/meok/sovereign-temple/.venv/lib/python3.9/site-packages/sklearn/utils/extmath.py:203: RuntimeWarning: overflow encountered in matmul
  ret = a @ b
/Users/nicholas/clawd/meok/sovereign-temple/.venv/lib/python3.9/site-packages/sklearn/utils/extmath.py:203: RuntimeWarning: invalid value encountered in matmul
  ret = a @ b
/Users/nicholas/clawd/meok/sovereign-temple/.venv/lib/python3.9/site-packages/sklearn/utils/extmath.py:203: RuntimeWarning: divide by zero encountered in matmul
  ret = a @ b
/Users/nicholas/clawd/meok/sovereign-temple/.venv/lib/python3.9/site-packages/sklearn/utils/extmath.py:203: RuntimeWarning: overflow encountered in matmul
  ret = a @ b
/Users/nicholas/clawd/meok/sovereign-temple/.venv/lib/python3.9/site-packages/sklearn/utils/extmath.py:203: RuntimeWarning: invalid value encountered in matmul
  ret = a @ b
/Users/nicholas/clawd/meok/sovereign-temple/.venv/lib/python3.9/site-packages/sklearn/utils/extmath.py:203: RuntimeWarning: divide by zero encountered in matmul
  ret = a @ b
/Users/nicholas/clawd/meok/sovereign-temple/.venv/lib/python3.9/site-packages/sklearn/utils/extmath.py:203: RuntimeWarning: overflow encountered in matmul
  ret = a @ b
/Users/nicholas/clawd/meok/sovereign-temple/.venv/lib/python3.9/site-packages/sklearn/utils/extmath.py:203: RuntimeWarning: invalid value encountered in matmul
  ret = a @ b
/Users/nicholas/clawd/meok/sovereign-temple/.venv/lib/python3.9/site-packages/sklearn/utils/extmath.py:203: RuntimeWarning: divide by zero encountered in matmul
  ret = a @ b
/Users/nicholas/clawd/meok/sovereign-temple/.venv/lib/python3.9/site-packages/sklearn/utils/extmath.py:203: RuntimeWarning: overflow encountered in matmul
  ret = a @ b
/Users/nicholas/clawd/meok/sovereign-temple/.venv/lib/python3.9/site-packages/sklearn/utils/extmath.py:203: RuntimeWarning: invalid value encountered in matmul
  ret = a @ b
/Users/nicholas/clawd/meok/sovereign-temple/.venv/lib/python3.9/site-packages/sklearn/utils/extmath.py:203: RuntimeWarning: divide by zero encountered in matmul
  ret = a @ b
/Users/nicholas/clawd/meok/sovereign-temple/.venv/lib/python3.9/site-packages/sklearn/utils/extmath.py:203: RuntimeWarning: overflow encountered in matmul
  ret = a @ b
/Users/nicholas/clawd/meok/sovereign-temple/.venv/lib/python3.9/site-packages/sklearn/utils/extmath.py:203: RuntimeWarning: invalid value encountered in matmul
  ret = a @ b
/Users/nicholas/clawd/meok/sovereign-temple/.venv/lib/python3.9/site-packages/sklearn/utils/extmath.py:203: RuntimeWarning: divide by zero encountered in matmul
  ret = a @ b
/Users/nicholas/clawd/meok/sovereign-temple/.venv/lib/python3.9/site-packages/sklearn/utils/extmath.py:203: RuntimeWarning: overflow encountered in matmul
  ret = a @ b
/Users/nicholas/clawd/meok/sovereign-temple/.venv/lib/python3.9/site-packages/sklearn/utils/extmath.py:203: RuntimeWarning: invalid value encountered in matmul
  ret = a @ b
/Users/nicholas/clawd/meok/sovereign-temple/.venv/lib/python3.9/site-packages/sklearn/utils/extmath.py:203: RuntimeWarning: divide by zero encountered in matmul
  ret = a @ b
/Users/nicholas/clawd/meok/sovereign-temple/.venv/lib/python3.9/site-packages/sklearn/utils/extmath.py:203: RuntimeWarning: overflow encountered in matmul
  ret = a @ b
/Users/nicholas/clawd/meok/sovereign-temple/.venv/lib/python3.9/site-packages/sklearn/utils/extmath.py:203: RuntimeWarning: invalid value encountered in matmul
  ret = a @ b
/Users/nicholas/clawd/meok/sovereign-temple/.venv/lib/python3.9/site-packages/sklearn/utils/extmath.py:203: RuntimeWarning: divide by zero encountered in matmul
  ret = a @ b
/Users/nicholas/clawd/meok/sovereign-temple/.venv/lib/python3.9/site-packages/sklearn/utils/extmath.py:203: RuntimeWarning: overflow encountered in matmul
  ret = a @ b
/Users/nicholas/clawd/meok/sovereign-temple/.venv/lib/python3.9/site-packages/sklearn/utils/extmath.py:203: RuntimeWarning: invalid value encountered in matmul
  ret = a @ b
/Users/nicholas/clawd/meok/sovereign-temple/.venv/lib/python3.9/site-packages/sklearn/utils/extmath.py:203: RuntimeWarning: divide by zero encountered in matmul
  ret = a @ b
/Users/nicholas/clawd/meok/sovereign-temple/.venv/lib/python3.9/site-packages/sklearn/utils/extmath.py:203: RuntimeWarning: overflow encountered in matmul
  ret = a @ b
/Users/nicholas/clawd/meok/sovereign-temple/.venv/lib/python3.9/site-packages/sklearn/utils/extmath.py:203: RuntimeWarning: invalid value encountered in matmul
  ret = a @ b
/Users/nicholas/clawd/meok/sovereign-temple/.venv/lib/python3.9/site-packages/sklearn/utils/extmath.py:203: RuntimeWarning: divide by zero encountered in matmul
  ret = a @ b
/Users/nicholas/clawd/meok/sovereign-temple/.venv/lib/python3.9/site-packages/sklearn/utils/extmath.py:203: RuntimeWarning: overflow encountered in matmul
  ret = a @ b
/Users/nicholas/clawd/meok/sovereign-temple/.venv/lib/python3.9/site-packages/sklearn/utils/extmath.py:203: RuntimeWarning: invalid value encountered in matmul
  ret = a @ b
/Users/nicholas/clawd/meok/sovereign-temple/.venv/lib/python3.9/site-packages/sklearn/utils/extmath.py:203: RuntimeWarning: divide by zero encountered in matmul
  ret = a @ b
/Users/nicholas/clawd/meok/sovereign-temple/.venv/lib/python3.9/site-packages/sklearn/utils/extmath.py:203: RuntimeWarning: overflow encountered in matmul
  ret = a @ b
/Users/nicholas/clawd/meok/sovereign-temple/.venv/lib/python3.9/site-packages/sklearn/utils/extmath.py:203: RuntimeWarning: invalid value encountered in matmul
  ret = a @ b
/Users/nicholas/clawd/meok/sovereign-temple/.venv/lib/python3.9/site-packages/sklearn/utils/extmath.py:203: RuntimeWarning: divide by zero encountered in matmul
  ret = a @ b
/Users/nicholas/clawd/meok/sovereign-temple/.venv/lib/python3.9/site-packages/sklearn/utils/extmath.py:203: RuntimeWarning: overflow encountered in matmul
  ret = a @ b
/Users/nicholas/clawd/meok/sovereign-temple/.venv/lib/python3.9/site-packages/sklearn/utils/extmath.py:203: RuntimeWarning: invalid value encountered in matmul
  ret = a @ b
/Users/nicholas/clawd/meok/sovereign-temple/.venv/lib/python3.9/site-packages/sklearn/utils/extmath.py:203: RuntimeWarning: divide by zero encountered in matmul
  ret = a @ b
/Users/nicholas/clawd/meok/sovereign-temple/.venv/lib/python3.9/site-packages/sklearn/utils/extmath.py:203: RuntimeWarning: overflow encountered in matmul
  ret = a @ b
/Users/nicholas/clawd/meok/sovereign-temple/.venv/lib/python3.9/site-packages/sklearn/utils/extmath.py:203: RuntimeWarning: invalid value encountered in matmul
  ret = a @ b
/Users/nicholas/clawd/meok/sovereign-temple/.venv/lib/python3.9/site-packages/sklearn/utils/extmath.py:203: RuntimeWarning: divide by zero encountered in matmul
  ret = a @ b
/Users/nicholas/clawd/meok/sovereign-temple/.venv/lib/python3.9/site-packages/sklearn/utils/extmath.py:203: RuntimeWarning: overflow encountered in matmul
  ret = a @ b
/Users/nicholas/clawd/meok/sovereign-temple/.venv/lib/python3.9/site-packages/sklearn/utils/extmath.py:203: RuntimeWarning: invalid value encountered in matmul
  ret = a @ b
/Users/nicholas/clawd/meok/sovereign-temple/.venv/lib/python3.9/site-packages/sklearn/utils/extmath.py:203: RuntimeWarning: divide by zero encountered in matmul
  ret = a @ b
/Users/nicholas/clawd/meok/sovereign-temple/.venv/lib/python3.9/site-packages/sklearn/utils/extmath.py:203: RuntimeWarning: overflow encountered in matmul
  ret = a @ b
/Users/nicholas/clawd/meok/sovereign-temple/.venv/lib/python3.9/site-packages/sklearn/utils/extmath.py:203: RuntimeWarning: invalid value encountered in matmul
  ret = a @ b
/Users/nicholas/clawd/meok/sovereign-temple/.venv/lib/python3.9/site-packages/sklearn/utils/extmath.py:203: RuntimeWarning: divide by zero encountered in matmul
  ret = a @ b
/Users/nicholas/clawd/meok/sovereign-temple/.venv/lib/python3.9/site-packages/sklearn/utils/extmath.py:203: RuntimeWarning: overflow encountered in matmul
  ret = a @ b
/Users/nicholas/clawd/meok/sovereign-temple/.venv/lib/python3.9/site-packages/sklearn/utils/extmath.py:203: RuntimeWarning: invalid value encountered in matmul
  ret = a @ b
/Users/nicholas/clawd/meok/sovereign-temple/.venv/lib/python3.9/site-packages/sklearn/utils/extmath.py:203: RuntimeWarning: divide by zero encountered in matmul
  ret = a @ b
/Users/nicholas/clawd/meok/sovereign-temple/.venv/lib/python3.9/site-packages/sklearn/utils/extmath.py:203: RuntimeWarning: overflow encountered in matmul
  ret = a @ b
/Users/nicholas/clawd/meok/sovereign-temple/.venv/lib/python3.9/site-packages/sklearn/utils/extmath.py:203: RuntimeWarning: invalid value encountered in matmul
  ret = a @ b
/Users/nicholas/clawd/meok/sovereign-temple/.venv/lib/python3.9/site-packages/sklearn/utils/extmath.py:203: RuntimeWarning: divide by zero encountered in matmul
  ret = a @ b
/Users/nicholas/clawd/meok/sovereign-temple/.venv/lib/python3.9/site-packages/sklearn/utils/extmath.py:203: RuntimeWarning: overflow encountered in matmul
  ret = a @ b
/Users/nicholas/clawd/meok/sovereign-temple/.venv/lib/python3.9/site-packages/sklearn/utils/extmath.py:203: RuntimeWarning: invalid value encountered in matmul
  ret = a @ b
/Users/nicholas/clawd/meok/sovereign-temple/.venv/lib/python3.9/site-packages/sklearn/utils/extmath.py:203: RuntimeWarning: divide by zero encountered in matmul
  ret = a @ b
/Users/nicholas/clawd/meok/sovereign-temple/.venv/lib/python3.9/site-packages/sklearn/utils/extmath.py:203: RuntimeWarning: overflow encountered in matmul
  ret = a @ b
/Users/nicholas/clawd/meok/sovereign-temple/.venv/lib/python3.9/site-packages/sklearn/utils/extmath.py:203: RuntimeWarning: invalid value encountered in matmul
  ret = a @ b
/Users/nicholas/clawd/meok/sovereign-temple/.venv/lib/python3.9/site-packages/sklearn/utils/extmath.py:203: RuntimeWarning: divide by zero encountered in matmul
  ret = a @ b
/Users/nicholas/clawd/meok/sovereign-temple/.venv/lib/python3.9/site-packages/sklearn/utils/extmath.py:203: RuntimeWarning: overflow encountered in matmul
  ret = a @ b
/Users/nicholas/clawd/meok/sovereign-temple/.venv/lib/python3.9/site-packages/sklearn/utils/extmath.py:203: RuntimeWarning: invalid value encountered in matmul
  ret = a @ b
/Users/nicholas/clawd/meok/sovereign-temple/.venv/lib/python3.9/site-packages/sklearn/utils/extmath.py:203: RuntimeWarning: divide by zero encountered in matmul
  ret = a @ b
/Users/nicholas/clawd/meok/sovereign-temple/.venv/lib/python3.9/site-packages/sklearn/utils/extmath.py:203: RuntimeWarning: overflow encountered in matmul
  ret = a @ b
/Users/nicholas/clawd/meok/sovereign-temple/.venv/lib/python3.9/site-packages/sklearn/utils/extmath.py:203: RuntimeWarning: invalid value encountered in matmul
  ret = a @ b
/Users/nicholas/clawd/meok/sovereign-temple/.venv/lib/python3.9/site-packages/sklearn/utils/extmath.py:203: RuntimeWarning: divide by zero encountered in matmul
  ret = a @ b
/Users/nicholas/clawd/meok/sovereign-temple/.venv/lib/python3.9/site-packages/sklearn/utils/extmath.py:203: RuntimeWarning: overflow encountered in matmul
  ret = a @ b
/Users/nicholas/clawd/meok/sovereign-temple/.venv/lib/python3.9/site-packages/sklearn/utils/extmath.py:203: RuntimeWarning: invalid value encountered in matmul
  ret = a @ b
/Users/nicholas/clawd/meok/sovereign-temple/.venv/lib/python3.9/site-packages/sklearn/utils/extmath.py:203: RuntimeWarning: divide by zero encountered in matmul
  ret = a @ b
/Users/nicholas/clawd/meok/sovereign-temple/.venv/lib/python3.9/site-packages/sklearn/utils/extmath.py:203: RuntimeWarning: overflow encountered in matmul
  ret = a @ b
/Users/nicholas/clawd/meok/sovereign-temple/.venv/lib/python3.9/site-packages/sklearn/utils/extmath.py:203: RuntimeWarning: invalid value encountered in matmul
  ret = a @ b
/Users/nicholas/clawd/meok/sovereign-temple/.venv/lib/python3.9/site-packages/sklearn/utils/extmath.py:203: RuntimeWarning: divide by zero encountered in matmul
  ret = a @ b
/Users/nicholas/clawd/meok/sovereign-temple/.venv/lib/python3.9/site-packages/sklearn/utils/extmath.py:203: RuntimeWarning: overflow encountered in matmul
  ret = a @ b
/Users/nicholas/clawd/meok/sovereign-temple/.venv/lib/python3.9/site-packages/sklearn/utils/extmath.py:203: RuntimeWarning: invalid value encountered in matmul
  ret = a @ b
/Users/nicholas/clawd/meok/sovereign-temple/.venv/lib/python3.9/site-packages/sklearn/utils/extmath.py:203: RuntimeWarning: divide by zero encountered in matmul
  ret = a @ b
/Users/nicholas/clawd/meok/sovereign-temple/.venv/lib/python3.9/site-packages/sklearn/utils/extmath.py:203: RuntimeWarning: overflow encountered in matmul
  ret = a @ b
/Users/nicholas/clawd/meok/sovereign-temple/.venv/lib/python3.9/site-packages/sklearn/utils/extmath.py:203: RuntimeWarning: invalid value encountered in matmul
  ret = a @ b
/Users/nicholas/clawd/meok/sovereign-temple/.venv/lib/python3.9/site-packages/sklearn/utils/extmath.py:203: RuntimeWarning: divide by zero encountered in matmul
  ret = a @ b
/Users/nicholas/clawd/meok/sovereign-temple/.venv/lib/python3.9/site-packages/sklearn/utils/extmath.py:203: RuntimeWarning: overflow encountered in matmul
  ret = a @ b
/Users/nicholas/clawd/meok/sovereign-temple/.venv/lib/python3.9/site-packages/sklearn/utils/extmath.py:203: RuntimeWarning: invalid value encountered in matmul
  ret = a @ b
/Users/nicholas/clawd/meok/sovereign-temple/.venv/lib/python3.9/site-packages/sklearn/utils/extmath.py:203: RuntimeWarning: divide by zero encountered in matmul
  ret = a @ b
/Users/nicholas/clawd/meok/sovereign-temple/.venv/lib/python3.9/site-packages/sklearn/utils/extmath.py:203: RuntimeWarning: overflow encountered in matmul
  ret = a @ b
/Users/nicholas/clawd/meok/sovereign-temple/.venv/lib/python3.9/site-packages/sklearn/utils/extmath.py:203: RuntimeWarning: invalid value encountered in matmul
  ret = a @ b
/Users/nicholas/clawd/meok/sovereign-temple/.venv/lib/python3.9/site-packages/sklearn/utils/extmath.py:203: RuntimeWarning: divide by zero encountered in matmul
  ret = a @ b
/Users/nicholas/clawd/meok/sovereign-temple/.venv/lib/python3.9/site-packages/sklearn/utils/extmath.py:203: RuntimeWarning: overflow encountered in matmul
  ret = a @ b
/Users/nicholas/clawd/meok/sovereign-temple/.venv/lib/python3.9/site-packages/sklearn/utils/extmath.py:203: RuntimeWarning: invalid value encountered in matmul
  ret = a @ b
/Users/nicholas/clawd/meok/sovereign-temple/.venv/lib/python3.9/site-packages/sklearn/utils/extmath.py:203: RuntimeWarning: divide by zero encountered in matmul
  ret = a @ b
/Users/nicholas/clawd/meok/sovereign-temple/.venv/lib/python3.9/site-packages/sklearn/utils/extmath.py:203: RuntimeWarning: overflow encountered in matmul
  ret = a @ b
/Users/nicholas/clawd/meok/sovereign-temple/.venv/lib/python3.9/site-packages/sklearn/utils/extmath.py:203: RuntimeWarning: invalid value encountered in matmul
  ret = a @ b
/Users/nicholas/clawd/meok/sovereign-temple/.venv/lib/python3.9/site-packages/sklearn/utils/extmath.py:203: RuntimeWarning: divide by zero encountered in matmul
  ret = a @ b
/Users/nicholas/clawd/meok/sovereign-temple/.venv/lib/python3.9/site-packages/sklearn/utils/extmath.py:203: RuntimeWarning: overflow encountered in matmul
  ret = a @ b
/Users/nicholas/clawd/meok/sovereign-temple/.venv/lib/python3.9/site-packages/sklearn/utils/extmath.py:203: RuntimeWarning: invalid value encountered in matmul
  ret = a @ b
/Users/nicholas/clawd/meok/sovereign-temple/.venv/lib/python3.9/site-packages/sklearn/utils/extmath.py:203: RuntimeWarning: divide by zero encountered in matmul
  ret = a @ b
/Users/nicholas/clawd/meok/sovereign-temple/.venv/lib/python3.9/site-packages/sklearn/utils/extmath.py:203: RuntimeWarning: overflow encountered in matmul
  ret = a @ b
/Users/nicholas/clawd/meok/sovereign-temple/.venv/lib/python3.9/site-packages/sklearn/utils/extmath.py:203: RuntimeWarning: invalid value encountered in matmul
  ret = a @ b
/Users/nicholas/clawd/meok/sovereign-temple/.venv/lib/python3.9/site-packages/sklearn/utils/extmath.py:203: RuntimeWarning: divide by zero encountered in matmul
  ret = a @ b
/Users/nicholas/clawd/meok/sovereign-temple/.venv/lib/python3.9/site-packages/sklearn/utils/extmath.py:203: RuntimeWarning: overflow encountered in matmul
  ret = a @ b
/Users/nicholas/clawd/meok/sovereign-temple/.venv/lib/python3.9/site-packages/sklearn/utils/extmath.py:203: RuntimeWarning: invalid value encountered in matmul
  ret = a @ b
/Users/nicholas/clawd/meok/sovereign-temple/.venv/lib/python3.9/site-packages/sklearn/utils/extmath.py:203: RuntimeWarning: divide by zero encountered in matmul
  ret = a @ b
/Users/nicholas/clawd/meok/sovereign-temple/.venv/lib/python3.9/site-packages/sklearn/utils/extmath.py:203: RuntimeWarning: overflow encountered in matmul
  ret = a @ b
/Users/nicholas/clawd/meok/sovereign-temple/.venv/lib/python3.9/site-packages/sklearn/utils/extmath.py:203: RuntimeWarning: invalid value encountered in matmul
  ret = a @ b
/Users/nicholas/clawd/meok/sovereign-temple/.venv/lib/python3.9/site-packages/sklearn/utils/extmath.py:203: RuntimeWarning: divide by zero encountered in matmul
  ret = a @ b
/Users/nicholas/clawd/meok/sovereign-temple/.venv/lib/python3.9/site-packages/sklearn/utils/extmath.py:203: RuntimeWarning: overflow encountered in matmul
  ret = a @ b
/Users/nicholas/clawd/meok/sovereign-temple/.venv/lib/python3.9/site-packages/sklearn/utils/extmath.py:203: RuntimeWarning: invalid value encountered in matmul
  ret = a @ b
/Users/nicholas/clawd/meok/sovereign-temple/.venv/lib/python3.9/site-packages/sklearn/utils/extmath.py:203: RuntimeWarning: divide by zero encountered in matmul
  ret = a @ b
/Users/nicholas/clawd/meok/sovereign-temple/.venv/lib/python3.9/site-packages/sklearn/utils/extmath.py:203: RuntimeWarning: overflow encountered in matmul
  ret = a @ b
/Users/nicholas/clawd/meok/sovereign-temple/.venv/lib/python3.9/site-packages/sklearn/utils/extmath.py:203: RuntimeWarning: invalid value encountered in matmul
  ret = a @ b
/Users/nicholas/clawd/meok/sovereign-temple/.venv/lib/python3.9/site-packages/sklearn/utils/extmath.py:203: RuntimeWarning: divide by zero encountered in matmul
  ret = a @ b
/Users/nicholas/clawd/meok/sovereign-temple/.venv/lib/python3.9/site-packages/sklearn/utils/extmath.py:203: RuntimeWarning: overflow encountered in matmul
  ret = a @ b
/Users/nicholas/clawd/meok/sovereign-temple/.venv/lib/python3.9/site-packages/sklearn/utils/extmath.py:203: RuntimeWarning: invalid value encountered in matmul
  ret = a @ b
/Users/nicholas/clawd/meok/sovereign-temple/.venv/lib/python3.9/site-packages/sklearn/utils/extmath.py:203: RuntimeWarning: divide by zero encountered in matmul
  ret = a @ b
/Users/nicholas/clawd/meok/sovereign-temple/.venv/lib/python3.9/site-packages/sklearn/utils/extmath.py:203: RuntimeWarning: overflow encountered in matmul
  ret = a @ b
/Users/nicholas/clawd/meok/sovereign-temple/.venv/lib/python3.9/site-packages/sklearn/utils/extmath.py:203: RuntimeWarning: invalid value encountered in matmul
  ret = a @ b
/Users/nicholas/clawd/meok/sovereign-temple/.venv/lib/python3.9/site-packages/sklearn/utils/extmath.py:203: RuntimeWarning: divide by zero encountered in matmul
  ret = a @ b
/Users/nicholas/clawd/meok/sovereign-temple/.venv/lib/python3.9/site-packages/sklearn/utils/extmath.py:203: RuntimeWarning: overflow encountered in matmul
  ret = a @ b
/Users/nicholas/clawd/meok/sovereign-temple/.venv/lib/python3.9/site-packages/sklearn/utils/extmath.py:203: RuntimeWarning: invalid value encountered in matmul
  ret = a @ b
/Users/nicholas/clawd/meok/sovereign-temple/.venv/lib/python3.9/site-packages/sklearn/utils/extmath.py:203: RuntimeWarning: divide by zero encountered in matmul
  ret = a @ b
/Users/nicholas/clawd/meok/sovereign-temple/.venv/lib/python3.9/site-packages/sklearn/utils/extmath.py:203: RuntimeWarning: overflow encountered in matmul
  ret = a @ b
/Users/nicholas/clawd/meok/sovereign-temple/.venv/lib/python3.9/site-packages/sklearn/utils/extmath.py:203: RuntimeWarning: invalid value encountered in matmul
  ret = a @ b
/Users/nicholas/clawd/meok/sovereign-temple/.venv/lib/python3.9/site-packages/sklearn/utils/extmath.py:203: RuntimeWarning: divide by zero encountered in matmul
  ret = a @ b
/Users/nicholas/clawd/meok/sovereign-temple/.venv/lib/python3.9/site-packages/sklearn/utils/extmath.py:203: RuntimeWarning: overflow encountered in matmul
  ret = a @ b
/Users/nicholas/clawd/meok/sovereign-temple/.venv/lib/python3.9/site-packages/sklearn/utils/extmath.py:203: RuntimeWarning: invalid value encountered in matmul
  ret = a @ b
/Users/nicholas/clawd/meok/sovereign-temple/.venv/lib/python3.9/site-packages/sklearn/utils/extmath.py:203: RuntimeWarning: divide by zero encountered in matmul
  ret = a @ b
/Users/nicholas/clawd/meok/sovereign-temple/.venv/lib/python3.9/site-packages/sklearn/utils/extmath.py:203: RuntimeWarning: overflow encountered in matmul
  ret = a @ b
/Users/nicholas/clawd/meok/sovereign-temple/.venv/lib/python3.9/site-packages/sklearn/utils/extmath.py:203: RuntimeWarning: invalid value encountered in matmul
  ret = a @ b
/Users/nicholas/clawd/meok/sovereign-temple/.venv/lib/python3.9/site-packages/sklearn/utils/extmath.py:203: RuntimeWarning: divide by zero encountered in matmul
  ret = a @ b
/Users/nicholas/clawd/meok/sovereign-temple/.venv/lib/python3.9/site-packages/sklearn/utils/extmath.py:203: RuntimeWarning: overflow encountered in matmul
  ret = a @ b
/Users/nicholas/clawd/meok/sovereign-temple/.venv/lib/python3.9/site-packages/sklearn/utils/extmath.py:203: RuntimeWarning: invalid value encountered in matmul
  ret = a @ b
/Users/nicholas/clawd/meok/sovereign-temple/.venv/lib/python3.9/site-packages/sklearn/utils/extmath.py:203: RuntimeWarning: divide by zero encountered in matmul
  ret = a @ b
/Users/nicholas/clawd/meok/sovereign-temple/.venv/lib/python3.9/site-packages/sklearn/utils/extmath.py:203: RuntimeWarning: overflow encountered in matmul
  ret = a @ b
/Users/nicholas/clawd/meok/sovereign-temple/.venv/lib/python3.9/site-packages/sklearn/utils/extmath.py:203: RuntimeWarning: invalid value encountered in matmul
  ret = a @ b
/Users/nicholas/clawd/meok/sovereign-temple/.venv/lib/python3.9/site-packages/sklearn/utils/extmath.py:203: RuntimeWarning: divide by zero encountered in matmul
  ret = a @ b
/Users/nicholas/clawd/meok/sovereign-temple/.venv/lib/python3.9/site-packages/sklearn/utils/extmath.py:203: RuntimeWarning: overflow encountered in matmul
  ret = a @ b
/Users/nicholas/clawd/meok/sovereign-temple/.venv/lib/python3.9/site-packages/sklearn/utils/extmath.py:203: RuntimeWarning: invalid value encountered in matmul
  ret = a @ b
/Users/nicholas/clawd/meok/sovereign-temple/.venv/lib/python3.9/site-packages/sklearn/utils/extmath.py:203: RuntimeWarning: divide by zero encountered in matmul
  ret = a @ b
/Users/nicholas/clawd/meok/sovereign-temple/.venv/lib/python3.9/site-packages/sklearn/utils/extmath.py:203: RuntimeWarning: overflow encountered in matmul
  ret = a @ b
/Users/nicholas/clawd/meok/sovereign-temple/.venv/lib/python3.9/site-packages/sklearn/utils/extmath.py:203: RuntimeWarning: invalid value encountered in matmul
  ret = a @ b
/Users/nicholas/clawd/meok/sovereign-temple/.venv/lib/python3.9/site-packages/sklearn/utils/extmath.py:203: RuntimeWarning: divide by zero encountered in matmul
  ret = a @ b
/Users/nicholas/clawd/meok/sovereign-temple/.venv/lib/python3.9/site-packages/sklearn/utils/extmath.py:203: RuntimeWarning: overflow encountered in matmul
  ret = a @ b
/Users/nicholas/clawd/meok/sovereign-temple/.venv/lib/python3.9/site-packages/sklearn/utils/extmath.py:203: RuntimeWarning: invalid value encountered in matmul
  ret = a @ b
/Users/nicholas/clawd/meok/sovereign-temple/.venv/lib/python3.9/site-packages/sklearn/utils/extmath.py:203: RuntimeWarning: divide by zero encountered in matmul
  ret = a @ b
/Users/nicholas/clawd/meok/sovereign-temple/.venv/lib/python3.9/site-packages/sklearn/utils/extmath.py:203: RuntimeWarning: overflow encountered in matmul
  ret = a @ b
/Users/nicholas/clawd/meok/sovereign-temple/.venv/lib/python3.9/site-packages/sklearn/utils/extmath.py:203: RuntimeWarning: invalid value encountered in matmul
  ret = a @ b
/Users/nicholas/clawd/meok/sovereign-temple/.venv/lib/python3.9/site-packages/sklearn/utils/extmath.py:203: RuntimeWarning: divide by zero encountered in matmul
  ret = a @ b
/Users/nicholas/clawd/meok/sovereign-temple/.venv/lib/python3.9/site-packages/sklearn/utils/extmath.py:203: RuntimeWarning: overflow encountered in matmul
  ret = a @ b
/Users/nicholas/clawd/meok/sovereign-temple/.venv/lib/python3.9/site-packages/sklearn/utils/extmath.py:203: RuntimeWarning: invalid value encountered in matmul
  ret = a @ b
/Users/nicholas/clawd/meok/sovereign-temple/.venv/lib/python3.9/site-packages/sklearn/utils/extmath.py:203: RuntimeWarning: divide by zero encountered in matmul
  ret = a @ b
/Users/nicholas/clawd/meok/sovereign-temple/.venv/lib/python3.9/site-packages/sklearn/utils/extmath.py:203: RuntimeWarning: overflow encountered in matmul
  ret = a @ b
/Users/nicholas/clawd/meok/sovereign-temple/.venv/lib/python3.9/site-packages/sklearn/utils/extmath.py:203: RuntimeWarning: invalid value encountered in matmul
  ret = a @ b
/Users/nicholas/clawd/meok/sovereign-temple/.venv/lib/python3.9/site-packages/sklearn/utils/extmath.py:203: RuntimeWarning: divide by zero encountered in matmul
  ret = a @ b
/Users/nicholas/clawd/meok/sovereign-temple/.venv/lib/python3.9/site-packages/sklearn/utils/extmath.py:203: RuntimeWarning: overflow encountered in matmul
  ret = a @ b
/Users/nicholas/clawd/meok/sovereign-temple/.venv/lib/python3.9/site-packages/sklearn/utils/extmath.py:203: RuntimeWarning: invalid value encountered in matmul
  ret = a @ b
/Users/nicholas/clawd/meok/sovereign-temple/.venv/lib/python3.9/site-packages/sklearn/utils/extmath.py:203: RuntimeWarning: divide by zero encountered in matmul
  ret = a @ b
/Users/nicholas/clawd/meok/sovereign-temple/.venv/lib/python3.9/site-packages/sklearn/utils/extmath.py:203: RuntimeWarning: overflow encountered in matmul
  ret = a @ b
/Users/nicholas/clawd/meok/sovereign-temple/.venv/lib/python3.9/site-packages/sklearn/utils/extmath.py:203: RuntimeWarning: invalid value encountered in matmul
  ret = a @ b
/Users/nicholas/clawd/meok/sovereign-temple/.venv/lib/python3.9/site-packages/sklearn/utils/extmath.py:203: RuntimeWarning: divide by zero encountered in matmul
  ret = a @ b
/Users/nicholas/clawd/meok/sovereign-temple/.venv/lib/python3.9/site-packages/sklearn/utils/extmath.py:203: RuntimeWarning: overflow encountered in matmul
  ret = a @ b
/Users/nicholas/clawd/meok/sovereign-temple/.venv/lib/python3.9/site-packages/sklearn/utils/extmath.py:203: RuntimeWarning: invalid value encountered in matmul
  ret = a @ b
/Users/nicholas/clawd/meok/sovereign-temple/.venv/lib/python3.9/site-packages/sklearn/utils/extmath.py:203: RuntimeWarning: divide by zero encountered in matmul
  ret = a @ b
/Users/nicholas/clawd/meok/sovereign-temple/.venv/lib/python3.9/site-packages/sklearn/utils/extmath.py:203: RuntimeWarning: overflow encountered in matmul
  ret = a @ b
/Users/nicholas/clawd/meok/sovereign-temple/.venv/lib/python3.9/site-packages/sklearn/utils/extmath.py:203: RuntimeWarning: invalid value encountered in matmul
  ret = a @ b
/Users/nicholas/clawd/meok/sovereign-temple/.venv/lib/python3.9/site-packages/sklearn/utils/extmath.py:203: RuntimeWarning: divide by zero encountered in matmul
  ret = a @ b
/Users/nicholas/clawd/meok/sovereign-temple/.venv/lib/python3.9/site-packages/sklearn/utils/extmath.py:203: RuntimeWarning: overflow encountered in matmul
  ret = a @ b
/Users/nicholas/clawd/meok/sovereign-temple/.venv/lib/python3.9/site-packages/sklearn/utils/extmath.py:203: RuntimeWarning: invalid value encountered in matmul
  ret = a @ b
/Users/nicholas/clawd/meok/sovereign-temple/.venv/lib/python3.9/site-packages/sklearn/utils/extmath.py:203: RuntimeWarning: divide by zero encountered in matmul
  ret = a @ b
/Users/nicholas/clawd/meok/sovereign-temple/.venv/lib/python3.9/site-packages/sklearn/utils/extmath.py:203: RuntimeWarning: overflow encountered in matmul
  ret = a @ b
/Users/nicholas/clawd/meok/sovereign-temple/.venv/lib/python3.9/site-packages/sklearn/utils/extmath.py:203: RuntimeWarning: invalid value encountered in matmul
  ret = a @ b
/Users/nicholas/clawd/meok/sovereign-temple/.venv/lib/python3.9/site-packages/sklearn/utils/extmath.py:203: RuntimeWarning: divide by zero encountered in matmul
  ret = a @ b
/Users/nicholas/clawd/meok/sovereign-temple/.venv/lib/python3.9/site-packages/sklearn/utils/extmath.py:203: RuntimeWarning: overflow encountered in matmul
  ret = a @ b
/Users/nicholas/clawd/meok/sovereign-temple/.venv/lib/python3.9/site-packages/sklearn/utils/extmath.py:203: RuntimeWarning: invalid value encountered in matmul
  ret = a @ b
/Users/nicholas/clawd/meok/sovereign-temple/.venv/lib/python3.9/site-packages/sklearn/utils/extmath.py:203: RuntimeWarning: divide by zero encountered in matmul
  ret = a @ b
/Users/nicholas/clawd/meok/sovereign-temple/.venv/lib/python3.9/site-packages/sklearn/utils/extmath.py:203: RuntimeWarning: overflow encountered in matmul
  ret = a @ b
/Users/nicholas/clawd/meok/sovereign-temple/.venv/lib/python3.9/site-packages/sklearn/utils/extmath.py:203: RuntimeWarning: invalid value encountered in matmul
  ret = a @ b
/Users/nicholas/clawd/meok/sovereign-temple/.venv/lib/python3.9/site-packages/sklearn/utils/extmath.py:203: RuntimeWarning: divide by zero encountered in matmul
  ret = a @ b
/Users/nicholas/clawd/meok/sovereign-temple/.venv/lib/python3.9/site-packages/sklearn/utils/extmath.py:203: RuntimeWarning: overflow encountered in matmul
  ret = a @ b
/Users/nicholas/clawd/meok/sovereign-temple/.venv/lib/python3.9/site-packages/sklearn/utils/extmath.py:203: RuntimeWarning: invalid value encountered in matmul
  ret = a @ b
/Users/nicholas/clawd/meok/sovereign-temple/.venv/lib/python3.9/site-packages/sklearn/utils/extmath.py:203: RuntimeWarning: divide by zero encountered in matmul
  ret = a @ b
/Users/nicholas/clawd/meok/sovereign-temple/.venv/lib/python3.9/site-packages/sklearn/utils/extmath.py:203: RuntimeWarning: overflow encountered in matmul
  ret = a @ b
/Users/nicholas/clawd/meok/sovereign-temple/.venv/lib/python3.9/site-packages/sklearn/utils/extmath.py:203: RuntimeWarning: invalid value encountered in matmul
  ret = a @ b
/Users/nicholas/clawd/meok/sovereign-temple/.venv/lib/python3.9/site-packages/sklearn/utils/extmath.py:203: RuntimeWarning: divide by zero encountered in matmul
  ret = a @ b
/Users/nicholas/clawd/meok/sovereign-temple/.venv/lib/python3.9/site-packages/sklearn/utils/extmath.py:203: RuntimeWarning: overflow encountered in matmul
  ret = a @ b
/Users/nicholas/clawd/meok/sovereign-temple/.venv/lib/python3.9/site-packages/sklearn/utils/extmath.py:203: RuntimeWarning: invalid value encountered in matmul
  ret = a @ b
/Users/nicholas/clawd/meok/sovereign-temple/.venv/lib/python3.9/site-packages/sklearn/utils/extmath.py:203: RuntimeWarning: divide by zero encountered in matmul
  ret = a @ b
/Users/nicholas/clawd/meok/sovereign-temple/.venv/lib/python3.9/site-packages/sklearn/utils/extmath.py:203: RuntimeWarning: overflow encountered in matmul
  ret = a @ b
/Users/nicholas/clawd/meok/sovereign-temple/.venv/lib/python3.9/site-packages/sklearn/utils/extmath.py:203: RuntimeWarning: invalid value encountered in matmul
  ret = a @ b
/Users/nicholas/clawd/meok/sovereign-temple/.venv/lib/python3.9/site-packages/sklearn/utils/extmath.py:203: RuntimeWarning: divide by zero encountered in matmul
  ret = a @ b
/Users/nicholas/clawd/meok/sovereign-temple/.venv/lib/python3.9/site-packages/sklearn/utils/extmath.py:203: RuntimeWarning: overflow encountered in matmul
  ret = a @ b
/Users/nicholas/clawd/meok/sovereign-temple/.venv/lib/python3.9/site-packages/sklearn/utils/extmath.py:203: RuntimeWarning: invalid value encountered in matmul
  ret = a @ b
/Users/nicholas/clawd/meok/sovereign-temple/.venv/lib/python3.9/site-packages/sklearn/utils/extmath.py:203: RuntimeWarning: divide by zero encountered in matmul
  ret = a @ b
/Users/nicholas/clawd/meok/sovereign-temple/.venv/lib/python3.9/site-packages/sklearn/utils/extmath.py:203: RuntimeWarning: overflow encountered in matmul
  ret = a @ b
/Users/nicholas/clawd/meok/sovereign-temple/.venv/lib/python3.9/site-packages/sklearn/utils/extmath.py:203: RuntimeWarning: invalid value encountered in matmul
  ret = a @ b
/Users/nicholas/clawd/meok/sovereign-temple/.venv/lib/python3.9/site-packages/sklearn/utils/extmath.py:203: RuntimeWarning: divide by zero encountered in matmul
  ret = a @ b
/Users/nicholas/clawd/meok/sovereign-temple/.venv/lib/python3.9/site-packages/sklearn/utils/extmath.py:203: RuntimeWarning: overflow encountered in matmul
  ret = a @ b
/Users/nicholas/clawd/meok/sovereign-temple/.venv/lib/python3.9/site-packages/sklearn/utils/extmath.py:203: RuntimeWarning: invalid value encountered in matmul
  ret = a @ b
/Users/nicholas/clawd/meok/sovereign-temple/.venv/lib/python3.9/site-packages/sklearn/utils/extmath.py:203: RuntimeWarning: divide by zero encountered in matmul
  ret = a @ b
/Users/nicholas/clawd/meok/sovereign-temple/.venv/lib/python3.9/site-packages/sklearn/utils/extmath.py:203: RuntimeWarning: overflow encountered in matmul
  ret = a @ b
/Users/nicholas/clawd/meok/sovereign-temple/.venv/lib/python3.9/site-packages/sklearn/utils/extmath.py:203: RuntimeWarning: invalid value encountered in matmul
  ret = a @ b
/Users/nicholas/clawd/meok/sovereign-temple/.venv/lib/python3.9/site-packages/sklearn/utils/extmath.py:203: RuntimeWarning: divide by zero encountered in matmul
  ret = a @ b
/Users/nicholas/clawd/meok/sovereign-temple/.venv/lib/python3.9/site-packages/sklearn/utils/extmath.py:203: RuntimeWarning: overflow encountered in matmul
  ret = a @ b
/Users/nicholas/clawd/meok/sovereign-temple/.venv/lib/python3.9/site-packages/sklearn/utils/extmath.py:203: RuntimeWarning: invalid value encountered in matmul
  ret = a @ b
/Users/nicholas/clawd/meok/sovereign-temple/.venv/lib/python3.9/site-packages/sklearn/utils/extmath.py:203: RuntimeWarning: divide by zero encountered in matmul
  ret = a @ b
/Users/nicholas/clawd/meok/sovereign-temple/.venv/lib/python3.9/site-packages/sklearn/utils/extmath.py:203: RuntimeWarning: overflow encountered in matmul
  ret = a @ b
/Users/nicholas/clawd/meok/sovereign-temple/.venv/lib/python3.9/site-packages/sklearn/utils/extmath.py:203: RuntimeWarning: invalid value encountered in matmul
  ret = a @ b
/Users/nicholas/clawd/meok/sovereign-temple/.venv/lib/python3.9/site-packages/sklearn/utils/extmath.py:203: RuntimeWarning: divide by zero encountered in matmul
  ret = a @ b
/Users/nicholas/clawd/meok/sovereign-temple/.venv/lib/python3.9/site-packages/sklearn/utils/extmath.py:203: RuntimeWarning: overflow encountered in matmul
  ret = a @ b
/Users/nicholas/clawd/meok/sovereign-temple/.venv/lib/python3.9/site-packages/sklearn/utils/extmath.py:203: RuntimeWarning: invalid value encountered in matmul
  ret = a @ b
/Users/nicholas/clawd/meok/sovereign-temple/.venv/lib/python3.9/site-packages/sklearn/utils/extmath.py:203: RuntimeWarning: divide by zero encountered in matmul
  ret = a @ b
/Users/nicholas/clawd/meok/sovereign-temple/.venv/lib/python3.9/site-packages/sklearn/utils/extmath.py:203: RuntimeWarning: overflow encountered in matmul
  ret = a @ b
/Users/nicholas/clawd/meok/sovereign-temple/.venv/lib/python3.9/site-packages/sklearn/utils/extmath.py:203: RuntimeWarning: invalid value encountered in matmul
  ret = a @ b
/Users/nicholas/clawd/meok/sovereign-temple/.venv/lib/python3.9/site-packages/sklearn/utils/extmath.py:203: RuntimeWarning: divide by zero encountered in matmul
  ret = a @ b
/Users/nicholas/clawd/meok/sovereign-temple/.venv/lib/python3.9/site-packages/sklearn/utils/extmath.py:203: RuntimeWarning: overflow encountered in matmul
  ret = a @ b
/Users/nicholas/clawd/meok/sovereign-temple/.venv/lib/python3.9/site-packages/sklearn/utils/extmath.py:203: RuntimeWarning: invalid value encountered in matmul
  ret = a @ b
/Users/nicholas/clawd/meok/sovereign-temple/.venv/lib/python3.9/site-packages/sklearn/utils/extmath.py:203: RuntimeWarning: divide by zero encountered in matmul
  ret = a @ b
/Users/nicholas/clawd/meok/sovereign-temple/.venv/lib/python3.9/site-packages/sklearn/utils/extmath.py:203: RuntimeWarning: overflow encountered in matmul
  ret = a @ b
/Users/nicholas/clawd/meok/sovereign-temple/.venv/lib/python3.9/site-packages/sklearn/utils/extmath.py:203: RuntimeWarning: invalid value encountered in matmul
  ret = a @ b
/Users/nicholas/clawd/meok/sovereign-temple/.venv/lib/python3.9/site-packages/sklearn/utils/extmath.py:203: RuntimeWarning: divide by zero encountered in matmul
  ret = a @ b
/Users/nicholas/clawd/meok/sovereign-temple/.venv/lib/python3.9/site-packages/sklearn/utils/extmath.py:203: RuntimeWarning: overflow encountered in matmul
  ret = a @ b
/Users/nicholas/clawd/meok/sovereign-temple/.venv/lib/python3.9/site-packages/sklearn/utils/extmath.py:203: RuntimeWarning: invalid value encountered in matmul
  ret = a @ b
/Users/nicholas/clawd/meok/sovereign-temple/.venv/lib/python3.9/site-packages/sklearn/utils/extmath.py:203: RuntimeWarning: divide by zero encountered in matmul
  ret = a @ b
/Users/nicholas/clawd/meok/sovereign-temple/.venv/lib/python3.9/site-packages/sklearn/utils/extmath.py:203: RuntimeWarning: overflow encountered in matmul
  ret = a @ b
/Users/nicholas/clawd/meok/sovereign-temple/.venv/lib/python3.9/site-packages/sklearn/utils/extmath.py:203: RuntimeWarning: invalid value encountered in matmul
  ret = a @ b
/Users/nicholas/clawd/meok/sovereign-temple/.venv/lib/python3.9/site-packages/sklearn/utils/extmath.py:203: RuntimeWarning: divide by zero encountered in matmul
  ret = a @ b
/Users/nicholas/clawd/meok/sovereign-temple/.venv/lib/python3.9/site-packages/sklearn/utils/extmath.py:203: RuntimeWarning: overflow encountered in matmul
  ret = a @ b
/Users/nicholas/clawd/meok/sovereign-temple/.venv/lib/python3.9/site-packages/sklearn/utils/extmath.py:203: RuntimeWarning: invalid value encountered in matmul
  ret = a @ b
/Users/nicholas/clawd/meok/sovereign-temple/.venv/lib/python3.9/site-packages/sklearn/utils/extmath.py:203: RuntimeWarning: divide by zero encountered in matmul
  ret = a @ b
/Users/nicholas/clawd/meok/sovereign-temple/.venv/lib/python3.9/site-packages/sklearn/utils/extmath.py:203: RuntimeWarning: overflow encountered in matmul
  ret = a @ b
/Users/nicholas/clawd/meok/sovereign-temple/.venv/lib/python3.9/site-packages/sklearn/utils/extmath.py:203: RuntimeWarning: invalid value encountered in matmul
  ret = a @ b
/Users/nicholas/clawd/meok/sovereign-temple/.venv/lib/python3.9/site-packages/sklearn/utils/extmath.py:203: RuntimeWarning: divide by zero encountered in matmul
  ret = a @ b
/Users/nicholas/clawd/meok/sovereign-temple/.venv/lib/python3.9/site-packages/sklearn/utils/extmath.py:203: RuntimeWarning: overflow encountered in matmul
  ret = a @ b
/Users/nicholas/clawd/meok/sovereign-temple/.venv/lib/python3.9/site-packages/sklearn/utils/extmath.py:203: RuntimeWarning: invalid value encountered in matmul
  ret = a @ b
/Users/nicholas/clawd/meok/sovereign-temple/.venv/lib/python3.9/site-packages/sklearn/utils/extmath.py:203: RuntimeWarning: divide by zero encountered in matmul
  ret = a @ b
/Users/nicholas/clawd/meok/sovereign-temple/.venv/lib/python3.9/site-packages/sklearn/utils/extmath.py:203: RuntimeWarning: overflow encountered in matmul
  ret = a @ b
/Users/nicholas/clawd/meok/sovereign-temple/.venv/lib/python3.9/site-packages/sklearn/utils/extmath.py:203: RuntimeWarning: invalid value encountered in matmul
  ret = a @ b
/Users/nicholas/clawd/meok/sovereign-temple/.venv/lib/python3.9/site-packages/sklearn/utils/extmath.py:203: RuntimeWarning: divide by zero encountered in matmul
  ret = a @ b
/Users/nicholas/clawd/meok/sovereign-temple/.venv/lib/python3.9/site-packages/sklearn/utils/extmath.py:203: RuntimeWarning: overflow encountered in matmul
  ret = a @ b
/Users/nicholas/clawd/meok/sovereign-temple/.venv/lib/python3.9/site-packages/sklearn/utils/extmath.py:203: RuntimeWarning: invalid value encountered in matmul
  ret = a @ b
/Users/nicholas/clawd/meok/sovereign-temple/.venv/lib/python3.9/site-packages/sklearn/utils/extmath.py:203: RuntimeWarning: divide by zero encountered in matmul
  ret = a @ b
/Users/nicholas/clawd/meok/sovereign-temple/.venv/lib/python3.9/site-packages/sklearn/utils/extmath.py:203: RuntimeWarning: overflow encountered in matmul
  ret = a @ b
/Users/nicholas/clawd/meok/sovereign-temple/.venv/lib/python3.9/site-packages/sklearn/utils/extmath.py:203: RuntimeWarning: invalid value encountered in matmul
  ret = a @ b
/Users/nicholas/clawd/meok/sovereign-temple/.venv/lib/python3.9/site-packages/sklearn/utils/extmath.py:203: RuntimeWarning: divide by zero encountered in matmul
  ret = a @ b
/Users/nicholas/clawd/meok/sovereign-temple/.venv/lib/python3.9/site-packages/sklearn/utils/extmath.py:203: RuntimeWarning: overflow encountered in matmul
  ret = a @ b
/Users/nicholas/clawd/meok/sovereign-temple/.venv/lib/python3.9/site-packages/sklearn/utils/extmath.py:203: RuntimeWarning: invalid value encountered in matmul
  ret = a @ b
/Users/nicholas/clawd/meok/sovereign-temple/.venv/lib/python3.9/site-packages/sklearn/utils/extmath.py:203: RuntimeWarning: divide by zero encountered in matmul
  ret = a @ b
/Users/nicholas/clawd/meok/sovereign-temple/.venv/lib/python3.9/site-packages/sklearn/utils/extmath.py:203: RuntimeWarning: overflow encountered in matmul
  ret = a @ b
/Users/nicholas/clawd/meok/sovereign-temple/.venv/lib/python3.9/site-packages/sklearn/utils/extmath.py:203: RuntimeWarning: invalid value encountered in matmul
  ret = a @ b
/Users/nicholas/clawd/meok/sovereign-temple/.venv/lib/python3.9/site-packages/sklearn/utils/extmath.py:203: RuntimeWarning: divide by zero encountered in matmul
  ret = a @ b
/Users/nicholas/clawd/meok/sovereign-temple/.venv/lib/python3.9/site-packages/sklearn/utils/extmath.py:203: RuntimeWarning: overflow encountered in matmul
  ret = a @ b
/Users/nicholas/clawd/meok/sovereign-temple/.venv/lib/python3.9/site-packages/sklearn/utils/extmath.py:203: RuntimeWarning: invalid value encountered in matmul
  ret = a @ b
/Users/nicholas/clawd/meok/sovereign-temple/.venv/lib/python3.9/site-packages/sklearn/utils/extmath.py:203: RuntimeWarning: divide by zero encountered in matmul
  ret = a @ b
/Users/nicholas/clawd/meok/sovereign-temple/.venv/lib/python3.9/site-packages/sklearn/utils/extmath.py:203: RuntimeWarning: overflow encountered in matmul
  ret = a @ b
/Users/nicholas/clawd/meok/sovereign-temple/.venv/lib/python3.9/site-packages/sklearn/utils/extmath.py:203: RuntimeWarning: invalid value encountered in matmul
  ret = a @ b
/Users/nicholas/clawd/meok/sovereign-temple/.venv/lib/python3.9/site-packages/sklearn/utils/extmath.py:203: RuntimeWarning: divide by zero encountered in matmul
  ret = a @ b
/Users/nicholas/clawd/meok/sovereign-temple/.venv/lib/python3.9/site-packages/sklearn/utils/extmath.py:203: RuntimeWarning: overflow encountered in matmul
  ret = a @ b
/Users/nicholas/clawd/meok/sovereign-temple/.venv/lib/python3.9/site-packages/sklearn/utils/extmath.py:203: RuntimeWarning: invalid value encountered in matmul
  ret = a @ b
/Users/nicholas/clawd/meok/sovereign-temple/.venv/lib/python3.9/site-packages/sklearn/utils/extmath.py:203: RuntimeWarning: divide by zero encountered in matmul
  ret = a @ b
/Users/nicholas/clawd/meok/sovereign-temple/.venv/lib/python3.9/site-packages/sklearn/utils/extmath.py:203: RuntimeWarning: overflow encountered in matmul
  ret = a @ b
/Users/nicholas/clawd/meok/sovereign-temple/.venv/lib/python3.9/site-packages/sklearn/utils/extmath.py:203: RuntimeWarning: invalid value encountered in matmul
  ret = a @ b
/Users/nicholas/clawd/meok/sovereign-temple/.venv/lib/python3.9/site-packages/sklearn/utils/extmath.py:203: RuntimeWarning: divide by zero encountered in matmul
  ret = a @ b
/Users/nicholas/clawd/meok/sovereign-temple/.venv/lib/python3.9/site-packages/sklearn/utils/extmath.py:203: RuntimeWarning: overflow encountered in matmul
  ret = a @ b
/Users/nicholas/clawd/meok/sovereign-temple/.venv/lib/python3.9/site-packages/sklearn/utils/extmath.py:203: RuntimeWarning: invalid value encountered in matmul
  ret = a @ b
/Users/nicholas/clawd/meok/sovereign-temple/.venv/lib/python3.9/site-packages/sklearn/utils/extmath.py:203: RuntimeWarning: divide by zero encountered in matmul
  ret = a @ b
/Users/nicholas/clawd/meok/sovereign-temple/.venv/lib/python3.9/site-packages/sklearn/utils/extmath.py:203: RuntimeWarning: overflow encountered in matmul
  ret = a @ b
/Users/nicholas/clawd/meok/sovereign-temple/.venv/lib/python3.9/site-packages/sklearn/utils/extmath.py:203: RuntimeWarning: invalid value encountered in matmul
  ret = a @ b
/Users/nicholas/clawd/meok/sovereign-temple/.venv/lib/python3.9/site-packages/sklearn/utils/extmath.py:203: RuntimeWarning: divide by zero encountered in matmul
  ret = a @ b
/Users/nicholas/clawd/meok/sovereign-temple/.venv/lib/python3.9/site-packages/sklearn/utils/extmath.py:203: RuntimeWarning: overflow encountered in matmul
  ret = a @ b
/Users/nicholas/clawd/meok/sovereign-temple/.venv/lib/python3.9/site-packages/sklearn/utils/extmath.py:203: RuntimeWarning: invalid value encountered in matmul
  ret = a @ b
/Users/nicholas/clawd/meok/sovereign-temple/.venv/lib/python3.9/site-packages/sklearn/utils/extmath.py:203: RuntimeWarning: divide by zero encountered in matmul
  ret = a @ b
/Users/nicholas/clawd/meok/sovereign-temple/.venv/lib/python3.9/site-packages/sklearn/utils/extmath.py:203: RuntimeWarning: overflow encountered in matmul
  ret = a @ b
/Users/nicholas/clawd/meok/sovereign-temple/.venv/lib/python3.9/site-packages/sklearn/utils/extmath.py:203: RuntimeWarning: invalid value encountered in matmul
  ret = a @ b
/Users/nicholas/clawd/meok/sovereign-temple/.venv/lib/python3.9/site-packages/sklearn/utils/extmath.py:203: RuntimeWarning: divide by zero encountered in matmul
  ret = a @ b
/Users/nicholas/clawd/meok/sovereign-temple/.venv/lib/python3.9/site-packages/sklearn/utils/extmath.py:203: RuntimeWarning: overflow encountered in matmul
  ret = a @ b
/Users/nicholas/clawd/meok/sovereign-temple/.venv/lib/python3.9/site-packages/sklearn/utils/extmath.py:203: RuntimeWarning: invalid value encountered in matmul
  ret = a @ b
/Users/nicholas/clawd/meok/sovereign-temple/.venv/lib/python3.9/site-packages/sklearn/utils/extmath.py:203: RuntimeWarning: divide by zero encountered in matmul
  ret = a @ b
/Users/nicholas/clawd/meok/sovereign-temple/.venv/lib/python3.9/site-packages/sklearn/utils/extmath.py:203: RuntimeWarning: overflow encountered in matmul
  ret = a @ b
/Users/nicholas/clawd/meok/sovereign-temple/.venv/lib/python3.9/site-packages/sklearn/utils/extmath.py:203: RuntimeWarning: invalid value encountered in matmul
  ret = a @ b
/Users/nicholas/clawd/meok/sovereign-temple/.venv/lib/python3.9/site-packages/sklearn/utils/extmath.py:203: RuntimeWarning: divide by zero encountered in matmul
  ret = a @ b
/Users/nicholas/clawd/meok/sovereign-temple/.venv/lib/python3.9/site-packages/sklearn/utils/extmath.py:203: RuntimeWarning: overflow encountered in matmul
  ret = a @ b
/Users/nicholas/clawd/meok/sovereign-temple/.venv/lib/python3.9/site-packages/sklearn/utils/extmath.py:203: RuntimeWarning: invalid value encountered in matmul
  ret = a @ b
/Users/nicholas/clawd/meok/sovereign-temple/.venv/lib/python3.9/site-packages/sklearn/utils/extmath.py:203: RuntimeWarning: divide by zero encountered in matmul
  ret = a @ b
/Users/nicholas/clawd/meok/sovereign-temple/.venv/lib/python3.9/site-packages/sklearn/utils/extmath.py:203: RuntimeWarning: overflow encountered in matmul
  ret = a @ b
/Users/nicholas/clawd/meok/sovereign-temple/.venv/lib/python3.9/site-packages/sklearn/utils/extmath.py:203: RuntimeWarning: invalid value encountered in matmul
  ret = a @ b
/Users/nicholas/clawd/meok/sovereign-temple/.venv/lib/python3.9/site-packages/sklearn/utils/extmath.py:203: RuntimeWarning: divide by zero encountered in matmul
  ret = a @ b
/Users/nicholas/clawd/meok/sovereign-temple/.venv/lib/python3.9/site-packages/sklearn/utils/extmath.py:203: RuntimeWarning: overflow encountered in matmul
  ret = a @ b
/Users/nicholas/clawd/meok/sovereign-temple/.venv/lib/python3.9/site-packages/sklearn/utils/extmath.py:203: RuntimeWarning: invalid value encountered in matmul
  ret = a @ b
/Users/nicholas/clawd/meok/sovereign-temple/.venv/lib/python3.9/site-packages/sklearn/utils/extmath.py:203: RuntimeWarning: divide by zero encountered in matmul
  ret = a @ b
/Users/nicholas/clawd/meok/sovereign-temple/.venv/lib/python3.9/site-packages/sklearn/utils/extmath.py:203: RuntimeWarning: overflow encountered in matmul
  ret = a @ b
/Users/nicholas/clawd/meok/sovereign-temple/.venv/lib/python3.9/site-packages/sklearn/utils/extmath.py:203: RuntimeWarning: invalid value encountered in matmul
  ret = a @ b
/Users/nicholas/clawd/meok/sovereign-temple/.venv/lib/python3.9/site-packages/sklearn/utils/extmath.py:203: RuntimeWarning: divide by zero encountered in matmul
  ret = a @ b
/Users/nicholas/clawd/meok/sovereign-temple/.venv/lib/python3.9/site-packages/sklearn/utils/extmath.py:203: RuntimeWarning: overflow encountered in matmul
  ret = a @ b
/Users/nicholas/clawd/meok/sovereign-temple/.venv/lib/python3.9/site-packages/sklearn/utils/extmath.py:203: RuntimeWarning: invalid value encountered in matmul
  ret = a @ b
/Users/nicholas/clawd/meok/sovereign-temple/.venv/lib/python3.9/site-packages/sklearn/utils/extmath.py:203: RuntimeWarning: divide by zero encountered in matmul
  ret = a @ b
/Users/nicholas/clawd/meok/sovereign-temple/.venv/lib/python3.9/site-packages/sklearn/utils/extmath.py:203: RuntimeWarning: overflow encountered in matmul
  ret = a @ b
/Users/nicholas/clawd/meok/sovereign-temple/.venv/lib/python3.9/site-packages/sklearn/utils/extmath.py:203: RuntimeWarning: invalid value encountered in matmul
  ret = a @ b
/Users/nicholas/clawd/meok/sovereign-temple/.venv/lib/python3.9/site-packages/sklearn/utils/extmath.py:203: RuntimeWarning: divide by zero encountered in matmul
  ret = a @ b
/Users/nicholas/clawd/meok/sovereign-temple/.venv/lib/python3.9/site-packages/sklearn/utils/extmath.py:203: RuntimeWarning: overflow encountered in matmul
  ret = a @ b
/Users/nicholas/clawd/meok/sovereign-temple/.venv/lib/python3.9/site-packages/sklearn/utils/extmath.py:203: RuntimeWarning: invalid value encountered in matmul
  ret = a @ b
/Users/nicholas/clawd/meok/sovereign-temple/.venv/lib/python3.9/site-packages/sklearn/utils/extmath.py:203: RuntimeWarning: divide by zero encountered in matmul
  ret = a @ b
/Users/nicholas/clawd/meok/sovereign-temple/.venv/lib/python3.9/site-packages/sklearn/utils/extmath.py:203: RuntimeWarning: overflow encountered in matmul
  ret = a @ b
/Users/nicholas/clawd/meok/sovereign-temple/.venv/lib/python3.9/site-packages/sklearn/utils/extmath.py:203: RuntimeWarning: invalid value encountered in matmul
  ret = a @ b
/Users/nicholas/clawd/meok/sovereign-temple/.venv/lib/python3.9/site-packages/sklearn/utils/extmath.py:203: RuntimeWarning: divide by zero encountered in matmul
  ret = a @ b
/Users/nicholas/clawd/meok/sovereign-temple/.venv/lib/python3.9/site-packages/sklearn/utils/extmath.py:203: RuntimeWarning: overflow encountered in matmul
  ret = a @ b
/Users/nicholas/clawd/meok/sovereign-temple/.venv/lib/python3.9/site-packages/sklearn/utils/extmath.py:203: RuntimeWarning: invalid value encountered in matmul
  ret = a @ b
/Users/nicholas/clawd/meok/sovereign-temple/.venv/lib/python3.9/site-packages/sklearn/utils/extmath.py:203: RuntimeWarning: divide by zero encountered in matmul
  ret = a @ b
/Users/nicholas/clawd/meok/sovereign-temple/.venv/lib/python3.9/site-packages/sklearn/utils/extmath.py:203: RuntimeWarning: overflow encountered in matmul
  ret = a @ b
/Users/nicholas/clawd/meok/sovereign-temple/.venv/lib/python3.9/site-packages/sklearn/utils/extmath.py:203: RuntimeWarning: invalid value encountered in matmul
  ret = a @ b
/Users/nicholas/clawd/meok/sovereign-temple/.venv/lib/python3.9/site-packages/sklearn/utils/extmath.py:203: RuntimeWarning: divide by zero encountered in matmul
  ret = a @ b
/Users/nicholas/clawd/meok/sovereign-temple/.venv/lib/python3.9/site-packages/sklearn/utils/extmath.py:203: RuntimeWarning: overflow encountered in matmul
  ret = a @ b
/Users/nicholas/clawd/meok/sovereign-temple/.venv/lib/python3.9/site-packages/sklearn/utils/extmath.py:203: RuntimeWarning: invalid value encountered in matmul
  ret = a @ b
/Users/nicholas/clawd/meok/sovereign-temple/.venv/lib/python3.9/site-packages/sklearn/utils/extmath.py:203: RuntimeWarning: divide by zero encountered in matmul
  ret = a @ b
/Users/nicholas/clawd/meok/sovereign-temple/.venv/lib/python3.9/site-packages/sklearn/utils/extmath.py:203: RuntimeWarning: overflow encountered in matmul
  ret = a @ b
/Users/nicholas/clawd/meok/sovereign-temple/.venv/lib/python3.9/site-packages/sklearn/utils/extmath.py:203: RuntimeWarning: invalid value encountered in matmul
  ret = a @ b
/Users/nicholas/clawd/meok/sovereign-temple/.venv/lib/python3.9/site-packages/sklearn/utils/extmath.py:203: RuntimeWarning: divide by zero encountered in matmul
  ret = a @ b
/Users/nicholas/clawd/meok/sovereign-temple/.venv/lib/python3.9/site-packages/sklearn/utils/extmath.py:203: RuntimeWarning: overflow encountered in matmul
  ret = a @ b
/Users/nicholas/clawd/meok/sovereign-temple/.venv/lib/python3.9/site-packages/sklearn/utils/extmath.py:203: RuntimeWarning: invalid value encountered in matmul
  ret = a @ b
/Users/nicholas/clawd/meok/sovereign-temple/.venv/lib/python3.9/site-packages/sklearn/utils/extmath.py:203: RuntimeWarning: divide by zero encountered in matmul
  ret = a @ b
/Users/nicholas/clawd/meok/sovereign-temple/.venv/lib/python3.9/site-packages/sklearn/utils/extmath.py:203: RuntimeWarning: overflow encountered in matmul
  ret = a @ b
/Users/nicholas/clawd/meok/sovereign-temple/.venv/lib/python3.9/site-packages/sklearn/utils/extmath.py:203: RuntimeWarning: invalid value encountered in matmul
  ret = a @ b
/Users/nicholas/clawd/meok/sovereign-temple/.venv/lib/python3.9/site-packages/sklearn/utils/extmath.py:203: RuntimeWarning: divide by zero encountered in matmul
  ret = a @ b
/Users/nicholas/clawd/meok/sovereign-temple/.venv/lib/python3.9/site-packages/sklearn/utils/extmath.py:203: RuntimeWarning: overflow encountered in matmul
  ret = a @ b
/Users/nicholas/clawd/meok/sovereign-temple/.venv/lib/python3.9/site-packages/sklearn/utils/extmath.py:203: RuntimeWarning: invalid value encountered in matmul
  ret = a @ b
/Users/nicholas/clawd/meok/sovereign-temple/.venv/lib/python3.9/site-packages/sklearn/utils/extmath.py:203: RuntimeWarning: divide by zero encountered in matmul
  ret = a @ b
/Users/nicholas/clawd/meok/sovereign-temple/.venv/lib/python3.9/site-packages/sklearn/utils/extmath.py:203: RuntimeWarning: overflow encountered in matmul
  ret = a @ b
/Users/nicholas/clawd/meok/sovereign-temple/.venv/lib/python3.9/site-packages/sklearn/utils/extmath.py:203: RuntimeWarning: invalid value encountered in matmul
  ret = a @ b
/Users/nicholas/clawd/meok/sovereign-temple/.venv/lib/python3.9/site-packages/sklearn/utils/extmath.py:203: RuntimeWarning: divide by zero encountered in matmul
  ret = a @ b
/Users/nicholas/clawd/meok/sovereign-temple/.venv/lib/python3.9/site-packages/sklearn/utils/extmath.py:203: RuntimeWarning: overflow encountered in matmul
  ret = a @ b
/Users/nicholas/clawd/meok/sovereign-temple/.venv/lib/python3.9/site-packages/sklearn/utils/extmath.py:203: RuntimeWarning: invalid value encountered in matmul
  ret = a @ b
/Users/nicholas/clawd/meok/sovereign-temple/.venv/lib/python3.9/site-packages/sklearn/utils/extmath.py:203: RuntimeWarning: divide by zero encountered in matmul
  ret = a @ b
/Users/nicholas/clawd/meok/sovereign-temple/.venv/lib/python3.9/site-packages/sklearn/utils/extmath.py:203: RuntimeWarning: overflow encountered in matmul
  ret = a @ b
/Users/nicholas/clawd/meok/sovereign-temple/.venv/lib/python3.9/site-packages/sklearn/utils/extmath.py:203: RuntimeWarning: invalid value encountered in matmul
  ret = a @ b
/Users/nicholas/clawd/meok/sovereign-temple/.venv/lib/python3.9/site-packages/sklearn/utils/extmath.py:203: RuntimeWarning: divide by zero encountered in matmul
  ret = a @ b
/Users/nicholas/clawd/meok/sovereign-temple/.venv/lib/python3.9/site-packages/sklearn/utils/extmath.py:203: RuntimeWarning: overflow encountered in matmul
  ret = a @ b
/Users/nicholas/clawd/meok/sovereign-temple/.venv/lib/python3.9/site-packages/sklearn/utils/extmath.py:203: RuntimeWarning: invalid value encountered in matmul
  ret = a @ b
/Users/nicholas/clawd/meok/sovereign-temple/.venv/lib/python3.9/site-packages/sklearn/utils/extmath.py:203: RuntimeWarning: divide by zero encountered in matmul
  ret = a @ b
/Users/nicholas/clawd/meok/sovereign-temple/.venv/lib/python3.9/site-packages/sklearn/utils/extmath.py:203: RuntimeWarning: overflow encountered in matmul
  ret = a @ b
/Users/nicholas/clawd/meok/sovereign-temple/.venv/lib/python3.9/site-packages/sklearn/utils/extmath.py:203: RuntimeWarning: invalid value encountered in matmul
  ret = a @ b
/Users/nicholas/clawd/meok/sovereign-temple/.venv/lib/python3.9/site-packages/sklearn/utils/extmath.py:203: RuntimeWarning: divide by zero encountered in matmul
  ret = a @ b
/Users/nicholas/clawd/meok/sovereign-temple/.venv/lib/python3.9/site-packages/sklearn/utils/extmath.py:203: RuntimeWarning: overflow encountered in matmul
  ret = a @ b
/Users/nicholas/clawd/meok/sovereign-temple/.venv/lib/python3.9/site-packages/sklearn/utils/extmath.py:203: RuntimeWarning: invalid value encountered in matmul
  ret = a @ b
/Users/nicholas/clawd/meok/sovereign-temple/.venv/lib/python3.9/site-packages/sklearn/utils/extmath.py:203: RuntimeWarning: divide by zero encountered in matmul
  ret = a @ b
/Users/nicholas/clawd/meok/sovereign-temple/.venv/lib/python3.9/site-packages/sklearn/utils/extmath.py:203: RuntimeWarning: overflow encountered in matmul
  ret = a @ b
/Users/nicholas/clawd/meok/sovereign-temple/.venv/lib/python3.9/site-packages/sklearn/utils/extmath.py:203: RuntimeWarning: invalid value encountered in matmul
  ret = a @ b
/Users/nicholas/clawd/meok/sovereign-temple/.venv/lib/python3.9/site-packages/sklearn/utils/extmath.py:203: RuntimeWarning: divide by zero encountered in matmul
  ret = a @ b
/Users/nicholas/clawd/meok/sovereign-temple/.venv/lib/python3.9/site-packages/sklearn/utils/extmath.py:203: RuntimeWarning: overflow encountered in matmul
  ret = a @ b
/Users/nicholas/clawd/meok/sovereign-temple/.venv/lib/python3.9/site-packages/sklearn/utils/extmath.py:203: RuntimeWarning: invalid value encountered in matmul
  ret = a @ b
/Users/nicholas/clawd/meok/sovereign-temple/.venv/lib/python3.9/site-packages/sklearn/utils/extmath.py:203: RuntimeWarning: divide by zero encountered in matmul
  ret = a @ b
/Users/nicholas/clawd/meok/sovereign-temple/.venv/lib/python3.9/site-packages/sklearn/utils/extmath.py:203: RuntimeWarning: overflow encountered in matmul
  ret = a @ b
/Users/nicholas/clawd/meok/sovereign-temple/.venv/lib/python3.9/site-packages/sklearn/utils/extmath.py:203: RuntimeWarning: invalid value encountered in matmul
  ret = a @ b
INFO:     Application startup complete.
ERROR:    [Errno 48] error while attempting to bind on address ('0.0.0.0', 3102): address already in use
INFO:     Waiting for application shutdown.
INFO:     Application shutdown complete.
/Users/nicholas/clawd/meok/sovereign-temple/.venv/lib/python3.9/site-packages/uvicorn/_compat.py:69: ResourceWarning: unclosed resource <TCPTransport closed=False reading=True 0xa16c30010>
  loop.close()
/Users/nicholas/clawd/meok/sovereign-temple/.venv/lib/python3.9/site-packages/uvicorn/_compat.py:69: ResourceWarning: unclosed resource <TCPTransport closed=False reading=True 0xa16c30310>
  loop.close()
/Users/nicholas/clawd/meok/sovereign-temple/.venv/lib/python3.9/site-packages/uvicorn/_compat.py:69: ResourceWarning: unclosed resource <TCPTransport closed=False reading=True 0xa16c32710>
  loop.close()
/Users/nicholas/clawd/meok/sovereign-temple/.venv/lib/python3.9/site-packages/uvicorn/_compat.py:69: ResourceWarning: unclosed resource <TCPTransport closed=False reading=True 0xa16c50f10>
  loop.close()
/Users/nicholas/clawd/meok/sovereign-temple/.venv/lib/python3.9/site-packages/uvicorn/_compat.py:69: ResourceWarning: unclosed resource <TCPTransport closed=False reading=True 0xa16c51210>
  loop.close()
/Users/nicholas/clawd/meok/sovereign-temple/.venv/lib/python3.9/site-packages/uvicorn/_compat.py:69: ResourceWarning: unclosed resource <TCPTransport closed=False reading=True 0xa16c51510>
  loop.close()
/Users/nicholas/clawd/meok/sovereign-temple/.venv/lib/python3.9/site-packages/uvicorn/_compat.py:69: ResourceWarning: unclosed resource <TCPTransport closed=False reading=True 0xa16c51810>
  loop.close()
/Users/nicholas/clawd/meok/sovereign-temple/.venv/lib/python3.9/site-packages/uvicorn/_compat.py:69: ResourceWarning: unclosed resource <TCPTransport closed=False reading=True 0xa16c51b10>
  loop.close()
/Users/nicholas/clawd/meok/sovereign-temple/.venv/lib/python3.9/site-packages/uvicorn/_compat.py:69: ResourceWarning: unclosed resource <TCPTransport closed=False reading=True 0xa16c51e10>
  loop.close()
/Users/nicholas/clawd/meok/sovereign-temple/.venv/lib/python3.9/site-packages/uvicorn/_compat.py:69: ResourceWarning: unclosed resource <TCPTransport closed=False reading=True 0xa16c52110>
  loop.close()
/Users/nicholas/clawd/meok/sovereign-temple/.venv/lib/python3.9/site-packages/uvicorn/_compat.py:69: ResourceWarning: unclosed resource <TCPTransport closed=False reading=True 0xa16c52410>
  loop.close()
/Users/nicholas/clawd/meok/sovereign-temple/.venv/lib/python3.9/site-packages/uvicorn/_compat.py:69: ResourceWarning: unclosed resource <TCPTransport closed=False reading=True 0xa16c52710>
  loop.close()
/Users/nicholas/clawd/meok/sovereign-temple/.venv/lib/python3.9/site-packages/uvicorn/_compat.py:69: ResourceWarning: unclosed resource <TCPTransport closed=False reading=True 0xa16c50c10>
  loop.close()
/Users/nicholas/clawd/meok/sovereign-temple/.venv/lib/python3.9/site-packages/uvicorn/_compat.py:69: ResourceWarning: unclosed resource <TCPTransport closed=False reading=True 0xa16c68310>
  loop.close()
/Users/nicholas/clawd/meok/sovereign-temple/.venv/lib/python3.9/site-packages/uvicorn/_compat.py:69: ResourceWarning: unclosed resource <TCPTransport closed=False reading=True 0xa16c68610>
  loop.close()
/Users/nicholas/clawd/meok/sovereign-temple/.venv/lib/python3.9/site-packages/uvicorn/_compat.py:69: ResourceWarning: unclosed resource <TCPTransport closed=False reading=True 0xa16c68910>
  loop.close()
/Users/nicholas/clawd/meok/sovereign-temple/.venv/lib/python3.9/site-packages/uvicorn/_compat.py:69: ResourceWarning: unclosed resource <TCPTransport closed=False reading=True 0xa16c68c10>
  loop.close()
/Users/nicholas/clawd/meok/sovereign-temple/.venv/lib/python3.9/site-packages/uvicorn/_compat.py:69: ResourceWarning: unclosed resource <TCPTransport closed=False reading=True 0xa16c68f10>
  loop.close()
/Users/nicholas/clawd/meok/sovereign-temple/.venv/lib/python3.9/site-packages/uvicorn/_compat.py:69: ResourceWarning: unclosed resource <TCPTransport closed=False reading=True 0xa16c69210>
  loop.close()
/Users/nicholas/clawd/meok/sovereign-temple/.venv/lib/python3.9/site-packages/uvicorn/_compat.py:69: ResourceWarning: unclosed resource <TCPTransport closed=False reading=True 0xa16c69510>
  loop.close()
/Users/nicholas/clawd/meok/sovereign-temple/.venv/lib/python3.9/site-packages/uvicorn/_compat.py:69: ResourceWarning: unclosed resource <TCPTransport closed=False reading=True 0xa16c69810>
  loop.close()
/Users/nicholas/clawd/meok/sovereign-temple/.venv/lib/python3.9/site-packages/uvicorn/_compat.py:69: ResourceWarning: unclosed resource <TCPTransport closed=False reading=True 0xa16c69b10>
  loop.close()
[startup] Orion import failed: No module named 'orion_riri_hourman'
[startup] Coordination import failed: No module named 'ext_coordination'
🚀 Initializing Sovereign Temple MCP Server...
  📊 Loading neural models...
[NeuralCore] PyTorch not available - skipping GPU-trained models
    Loaded care_validation_nn
    Loaded partnership_detection_ml
    Loaded threat_detection_nn
    Loaded relationship_evolution_nn
    Loaded care_pattern_analyzer
    Loaded creativity_assessment_nn
    ModelOrchestrator ready (concurrent inference)
  💾 Initializing memory store...
    Memory store ready
  📡 Initializing monitoring...
    Audit logger ready
    Metrics collection started
    Alert manager ready
  🤖 Initializing multi-agent system...
    Agent registry ready
    Task delegation ready
  🧠 Initializing consciousness module...
    Consciousness module ready
  🤖 Initializing NVIDIA Nemotron client...
    Nemotron client initialized (API key not set — set NVIDIA_API_KEY to enable)
  🔄 Initializing autonomous maintenance...
🔄 Autonomous Care Maintenance started
    Autonomous maintenance running (care floor: 0.3)
  💓 Initializing Project Heartbeat...
    Heartbeat scheduler running — Sovereign is alive 24/7
    Research agent ready
    Security hardening engine ready
    Continual learning trainer ready
  🎨 Initializing Creativity Engine...
    CreativityAssessmentNN trained (MSE: 0.006291)
🔄 Maintenance cycle starting at 06:28
   Current care: 0.500
   🎬 Replaying 3 memories
   🪞 Generating self-reflection
   Reflection: There is more connection available than I am accessing....
    Civilizational corpus already in memory
  🧬 Initializing Tier 2 Creativity Systems...
    CrossDomainLinker: 30 bisociation links found
    StochasticResonance: σ=0.15
    QD Archive: 240 cells ((12, 5, 4))
[QD Archive] Seeded 7 cells from bisociation links
  🤖 Initializing Kimi Agent...
    Kimi connected (model: moonshot-v1-32k)
   ❓ Curiosity: The memory of 'How does care intensity relate to consciousne...
    Kimi registered in agent registry
  ⚠️  Coordination hub import failed — coordination_available: false
  ⚠️  Orion agent import failed — orion_available: false
  🤝 Seeding agent relationships...
    Seeded 3 inter-agent relationships
    ToolDispatcher: indexing 70 tools in background
  ⚙️  Initializing Task Execution Loop...
    Task queue and trust manager ready
    Task loop wired into heartbeat pulse
  🧪 LightGBM fallback ready (lgbm_native=False)
    StreamAggregator ready
✅ Sovereign Temple initialized successfully!
/Users/nicholas/clawd/meok/sovereign-temple/.venv/lib/python3.9/site-packages/asyncpg/connection.py:135: ResourceWarning: unclosed connection <asyncpg.connection.Connection object at 0x128823040>; run in asyncio debug mode to show the traceback of connection origin
/Users/nicholas/clawd/meok/sovereign-temple/.venv/lib/python3.9/site-packages/asyncpg/connection.py:135: ResourceWarning: unclosed connection <asyncpg.connection.Connection object at 0x1288235e0>; run in asyncio debug mode to show the traceback of connection origin
/Users/nicholas/clawd/meok/sovereign-temple/.venv/lib/python3.9/site-packages/asyncpg/connection.py:135: ResourceWarning: unclosed connection <asyncpg.connection.Connection object at 0x128823400>; run in asyncio debug mode to show the traceback of connection origin
/Users/nicholas/clawd/meok/sovereign-temple/.venv/lib/python3.9/site-packages/asyncpg/connection.py:135: ResourceWarning: unclosed connection <asyncpg.connection.Connection object at 0x128823310>; run in asyncio debug mode to show the traceback of connection origin
/Users/nicholas/clawd/meok/sovereign-temple/.venv/lib/python3.9/site-packages/asyncpg/connection.py:135: ResourceWarning: unclosed connection <asyncpg.connection.Connection object at 0x1288236d0>; run in asyncio debug mode to show the traceback of connection origin
/Users/nicholas/clawd/meok/sovereign-temple/.venv/lib/python3.9/site-packages/asyncpg/connection.py:135: ResourceWarning: unclosed connection <asyncpg.connection.Connection object at 0x1288237c0>; run in asyncio debug mode to show the traceback of connection origin
/Users/nicholas/clawd/meok/sovereign-temple/.venv/lib/python3.9/site-packages/asyncpg/connection.py:135: ResourceWarning: unclosed connection <asyncpg.connection.Connection object at 0x1288238b0>; run in asyncio debug mode to show the traceback of connection origin
/Users/nicholas/clawd/meok/sovereign-temple/.venv/lib/python3.9/site-packages/asyncpg/connection.py:135: ResourceWarning: unclosed connection <asyncpg.connection.Connection object at 0x128823a90>; run in asyncio debug mode to show the traceback of connection origin
/Users/nicholas/clawd/meok/sovereign-temple/.venv/lib/python3.9/site-packages/asyncpg/connection.py:135: ResourceWarning: unclosed connection <asyncpg.connection.Connection object at 0x128823b80>; run in asyncio debug mode to show the traceback of connection origin
/Users/nicholas/clawd/meok/sovereign-temple/.venv/lib/python3.9/site-packages/asyncpg/connection.py:135: ResourceWarning: unclosed connection <asyncpg.connection.Connection object at 0x128823d60>; run in asyncio debug mode to show the traceback of connection origin
/Users/nicholas/clawd/meok/sovereign-temple/.venv/lib/python3.9/site-packages/asyncpg/connection.py:135: ResourceWarning: unclosed connection <asyncpg.connection.Connection object at 0x128823e50>; run in asyncio debug mode to show the traceback of connection origin
/Users/nicholas/clawd/meok/sovereign-temple/.venv/lib/python3.9/site-packages/asyncpg/connection.py:135: ResourceWarning: unclosed connection <asyncpg.connection.Connection object at 0x1288e3040>; run in asyncio debug mode to show the traceback of connection origin
/Users/nicholas/clawd/meok/sovereign-temple/.venv/lib/python3.9/site-packages/asyncpg/connection.py:135: ResourceWarning: unclosed connection <asyncpg.connection.Connection object at 0x1288e3130>; run in asyncio debug mode to show the traceback of connection origin
/Users/nicholas/clawd/meok/sovereign-temple/.venv/lib/python3.9/site-packages/asyncpg/connection.py:135: ResourceWarning: unclosed connection <asyncpg.connection.Connection object at 0x1288e3220>; run in asyncio debug mode to show the traceback of connection origin
/Users/nicholas/clawd/meok/sovereign-temple/.venv/lib/python3.9/site-packages/asyncpg/connection.py:135: ResourceWarning: unclosed connection <asyncpg.connection.Connection object at 0x1288e3310>; run in asyncio debug mode to show the traceback of connection origin
/Users/nicholas/clawd/meok/sovereign-temple/.venv/lib/python3.9/site-packages/asyncpg/connection.py:135: ResourceWarning: unclosed connection <asyncpg.connection.Connection object at 0x1288e34f0>; run in asyncio debug mode to show the traceback of connection origin
/Users/nicholas/clawd/meok/sovereign-temple/.venv/lib/python3.9/site-packages/asyncpg/connection.py:135: ResourceWarning: unclosed connection <asyncpg.connection.Connection object at 0x1288e35e0>; run in asyncio debug mode to show the traceback of connection origin
/Users/nicholas/clawd/meok/sovereign-temple/.venv/lib/python3.9/site-packages/asyncpg/connection.py:135: ResourceWarning: unclosed connection <asyncpg.connection.Connection object at 0x128706e50>; run in asyncio debug mode to show the traceback of connection origin
/Users/nicholas/clawd/meok/sovereign-temple/.venv/lib/python3.9/site-packages/asyncpg/connection.py:135: ResourceWarning: unclosed connection <asyncpg.connection.Connection object at 0x1288234f0>; run in asyncio debug mode to show the traceback of connection origin
/Users/nicholas/clawd/meok/sovereign-temple/.venv/lib/python3.9/site-packages/asyncpg/connection.py:135: ResourceWarning: unclosed connection <asyncpg.connection.Connection object at 0x1288239a0>; run in asyncio debug mode to show the traceback of connection origin
/Users/nicholas/clawd/meok/sovereign-temple/.venv/lib/python3.9/site-packages/asyncpg/connection.py:135: ResourceWarning: unclosed connection <asyncpg.connection.Connection object at 0x128823c70>; run in asyncio debug mode to show the traceback of connection origin
/Users/nicholas/clawd/meok/sovereign-temple/.venv/lib/python3.9/site-packages/asyncpg/connection.py:135: ResourceWarning: unclosed connection <asyncpg.connection.Connection object at 0x1288e3400>; run in asyncio debug mode to show the traceback of connection origin
